Unnamed: 0.1,Unnamed: 0,Text,Sentiment,Timestamp,User,Platform,Hashtags,Retweets,Likes,Country,Year,Month,Day,Hour,cleaned_text
0,0, Enjoying a beautiful day at the park!              ,Positive,15-01-2023 12:30, User123      , Twitter  , #Nature #Park                            ,15,30, USA      ,2023,1,15,12, enjoying a beautiful day at the park              
1,1, Traffic was terrible this morning.                 ,Negative,15-01-2023 08:45, CommuterX    , Twitter  , #Traffic #Morning                        ,5,10, Canada   ,2023,1,15,8, traffic was terrible this morning                 
2,2, Just finished an amazing workout! 💪               ,Positive,15-01-2023 15:45, FitnessFan   , Instagram , #Fitness #Workout                        ,20,40, USA        ,2023,1,15,15, just finished an amazing workout 💪               
3,3, Excited about the upcoming weekend getaway!        ,Positive,15-01-2023 18:20, AdventureX   , Facebook , #Travel #Adventure                       ,8,15, UK       ,2023,1,15,18, excited about the upcoming weekend getaway        
4,4, Trying out a new recipe for dinner tonight.        ,Neutral,15-01-2023 19:55, ChefCook     , Instagram , #Cooking #Food                           ,12,25, Australia ,2023,1,15,19, trying out a new recipe for dinner tonight        
5,5, Feeling grateful for the little things in life.    ,Positive,16-01-2023 09:10, GratitudeNow , Twitter  , #Gratitude #PositiveVibes              ,25,50, India    ,2023,1,16,9, feeling grateful for the little things in life    
6,6, Rainy days call for cozy blankets and hot cocoa.   ,Positive,16-01-2023 14:45, RainyDays    , Facebook , #RainyDays #Cozy                         ,10,20, Canada   ,2023,1,16,14, rainy days call for cozy blankets and hot cocoa   
7,7, The new movie release is a must-watch!             ,Positive,16-01-2023 19:30, MovieBuff    , Instagram , #MovieNight #MustWatch                  ,15,30, USA    ,2023,1,16,19, the new movie release is a mustwatch             
8,8, Political discussions heating up on the timeline.  ,Neutral,17-01-2023 08:00, DebateTalk   , Twitter  , #Politics #Debate                       ,30,60, USA      ,2023,1,17,8, political discussions heating up on the timeline  
9,9, Missing summer vibes and beach days.               ,Negative,17-01-2023 12:20, BeachLover   , Facebook , #Summer #BeachDays                      ,18,35, Australia ,2023,1,17,12, missing summer vibes and beach days               
10,10, Just published a new blog post. Check it out!      ,Positive,17-01-2023 15:15, BloggerX     , Instagram , #Blogging #NewPost                      ,22,45,USA,2023,1,17,15, just published a new blog post check it out      
11,11, Feeling a bit under the weather today.             ,Negative,18-01-2023 10:30, WellnessCheck, Twitter  , #SickDay #Health                        ,7,15, Canada   ,2023,1,18,10, feeling a bit under the weather today             
12,12, Exploring the city's hidden gems.                  ,Positive,18-01-2023 14:50, UrbanExplorer, Facebook , #CityExplore #HiddenGems                ,12,25, UK       ,2023,1,18,14, exploring the citys hidden gems                  
13,13," New year, new fitness goals! 💪                    ",Positive,18-01-2023 18:00, FitJourney   , Instagram , #NewYear #FitnessGoals                  ,28,55, USA        ,2023,1,18,18, new year new fitness goals 💪                    
14,14, Technology is changing the way we live.            ,Neutral,19-01-2023 09:45, TechEnthusiast, Twitter  , #Tech #Innovation                       ,15,30, India    ,2023,1,19,9, technology is changing the way we live            
15,15, Reflecting on the past and looking ahead.          ,Neutral,19-01-2023 13:20, Reflections  , Facebook , #Reflection #Future                     ,20,40, USA      ,2023,1,19,13, reflecting on the past and looking ahead          
16,16, Just adopted a cute furry friend! 🐾              ,Positive,19-01-2023 17:10, PetAdopter   , Instagram , #PetAdoption #FurryFriend               ,15,30, Canada    ,2023,1,19,17, just adopted a cute furry friend 🐾              
17,17, Late-night gaming session with friends.            ,Neutral,20-01-2023 00:05, GamerX       , Twitter  , #Gaming #LateNight                      ,18,35, UK       ,2023,1,20,0, latenight gaming session with friends            
18,18, Attending a virtual conference on AI.              ,Neutral,20-01-2023 11:30, TechConference, Facebook , #AI #TechConference                     ,25,50,USA,2023,1,20,11, attending a virtual conference on ai              
19,19, Winter blues got me feeling low.                   ,Negative,20-01-2023 15:15, WinterBlues  , Instagram , #WinterBlues #Mood                      ,8,15, USA       ,2023,1,20,15, winter blues got me feeling low                   
20,20, Sipping coffee and enjoying a good book.           ,Positive,21-01-2023 08:40, Bookworm     , Twitter  , #Reading #CoffeeTime                    ,22,45, India    ,2023,1,21,8, sipping coffee and enjoying a good book           
21,21, Exploring the world of virtual reality.            ,Neutral,21-01-2023 13:20, VRExplorer   , Facebook , #VR #VirtualReality                     ,15,30,USA,2023,1,21,13, exploring the world of virtual reality            
22,22, Productive day ticking off my to-do list.          ,Positive,21-01-2023 16:45, ProductivityPro, Instagram , #Productivity #WorkFromHome           ,30,60, USA ,2023,1,21,16, productive day ticking off my todo list          
23,23, Just finished a challenging workout routine.       ,Neutral,22-01-2023 09:15, FitnessWarrior, Twitter  , #Fitness #ChallengeAccepted             ,20,40, UK       ,2023,1,22,9, just finished a challenging workout routine       
24,24, Celebrating a milestone at work! 🎉               ,Positive,22-01-2023 14:30, CareerMilestone, Facebook , #Career #Milestone                      ,12,25, Canada  ,2023,1,22,14, celebrating a milestone at work 🎉               
25,25, Sunday brunch with friends.                        ,Neutral,22-01-2023 12:00, BrunchBuddy  , Instagram , #Brunch #Friends                       ,15,30, UK ,2023,1,22,12, sunday brunch with friends                        
27,28, Learning a new language for personal growth.       ,Positive,23-01-2023 16:20, LanguageLearner, Facebook , #LanguageLearning #PersonalGrowth       ,25,50, India     ,2023,1,23,16, learning a new language for personal growth       
28,29, Quiet evening with a good book.                    ,Positive,23-01-2023 19:45, BookLover    , Instagram , #Reading #QuietTime                     ,15,30, Australia ,2023,1,23,19, quiet evening with a good book                    
29,30, Reflecting on the importance of mental health.     ,Neutral,24-01-2023 11:30, MentalHealthMatters, Twitter  , #MentalHealth #SelfCare                 ,22,45, USA      ,2023,1,24,11, reflecting on the importance of mental health     
30,31, New painting in progress! 🎨                       ,Neutral,24-01-2023 15:00, ArtistInAction, Facebook , #Art #PaintingInProgress             ,12,25, Canada ,2023,1,24,15, new painting in progress 🎨                       
31,32, Weekend road trip to explore scenic views.         ,Positive,24-01-2023 17:30, RoadTripper  , Instagram , #RoadTrip #ScenicViews                  ,18,35, UK        ,2023,1,24,17, weekend road trip to explore scenic views         
32,33, Enjoying a cup of tea and watching the sunset.     ,Positive,25-01-2023 18:00, SunsetWatcher, Twitter  , #TeaTime #Sunset                       ,15,30, India    ,2023,1,25,18, enjoying a cup of tea and watching the sunset     
33,34, Coding a new project with enthusiasm.              ,Positive,25-01-2023 13:15, CodeEnthusiast, Facebook , #Coding #Enthusiasm                   ,30,60, USA ,2023,1,25,13, coding a new project with enthusiasm              
34,35, Feeling inspired after attending a workshop.       ,Positive,26-01-2023 09:45, WorkshopAttendee, Instagram , #Inspiration #Workshop                  ,25,50,USA,2023,1,26,9, feeling inspired after attending a workshop       
35,36, Winter sports day at the local park.               ,Neutral,26-01-2023 14:20, WinterSports  , Twitter  , #WinterSports #Fun                     ,15,30, Canada   ,2023,1,26,14, winter sports day at the local park               
36,37, Quality time with family this weekend.             ,Positive,26-01-2023 17:40, FamilyTime   , Facebook , #FamilyTime #Weekend                    ,22,45, UK        ,2023,1,26,17, quality time with family this weekend             
37,38, Attending a live music concert tonight.            ,Neutral,27-01-2023 20:00, MusicLover   , Instagram , #Music #ConcertNight                  ,18,35, USA ,2023,1,27,20, attending a live music concert tonight            
38,39, Practicing mindfulness with meditation.            ,Neutral,27-01-2023 12:30, MindfulMoments, Twitter  , #Mindfulness #Meditation               ,15,30, India    ,2023,1,27,12, practicing mindfulness with meditation            
39,40, Trying out a new dessert recipe.                   ,Neutral,27-01-2023 16:10, DessertExplorer, Facebook , #Dessert #Cooking                      ,12,25, Canada ,2023,1,27,16, trying out a new dessert recipe                   
40,41, Excited about the upcoming gaming tournament.      ,Positive,28-01-2023 09:00, GamingEnthusiast, Instagram , #Gaming #Tournament                     ,30,60,USA,2023,1,28,9, excited about the upcoming gaming tournament      
41,42, Planning a garden makeover for spring.             ,Neutral,28-01-2023 14:45, GardenPlanner , Twitter  , #Gardening #Spring                     ,25,50, USA      ,2023,1,28,14, planning a garden makeover for spring             
42,43, Celebrating a friend's birthday tonight! 🎂       ,Positive,28-01-2023 19:30, BirthdayBash , Facebook , #Birthday #Celebration                  ,15,30, UK ,2023,1,28,19, celebrating a friends birthday tonight 🎂       
43,44, Feeling accomplished after a productive day.       ,Positive,29-01-2023 17:00, ProductivityWin, Instagram , #Accomplished #Success               ,22,45, India ,2023,1,29,17, feeling accomplished after a productive day       
44,45, A cozy evening with a good movie.                 ,Positive,29-01-2023 20:20, MovieNight   , Twitter  , #CozyNight #MovieTime                   ,18,35, Canada   ,2023,1,29,20, a cozy evening with a good movie                 
45,46, Exploring local art galleries this weekend.        ,Positive,30-01-2023 11:30, ArtExplorer  , Facebook , #Art #GalleryExplore                    ,15,30, USA      ,2023,1,30,11, exploring local art galleries this weekend        
46,47, New book release from my favorite author!          ,Positive,30-01-2023 15:45, BookwormX    , Instagram , #BookRelease #FavoriteAuthor           ,12,25, UK   ,2023,1,30,15, new book release from my favorite author          
47,48, Attending a virtual reality meetup.                ,Neutral,30-01-2023 18:30, VRMeetup     , Twitter  , #VRMeetup #VirtualReality               ,28,55, India    ,2023,1,30,18, attending a virtual reality meetup                
48,49, Reflecting on the beauty of nature.                ,Positive,31-01-2023 10:45, NatureLover  , Facebook , #Nature #Reflection                     ,15,30, Australia ,2023,1,31,10, reflecting on the beauty of nature                
49,50, Cooking a special dinner for loved ones.           ,Positive,31-01-2023 19:00, ChefAtHome   , Instagram , #Cooking #SpecialDinner                ,20,40, USA       ,2023,1,31,19, cooking a special dinner for loved ones           
50,51, Feeling optimistic about the week ahead.           ,Positive,31-01-2023 16:20, OptimisticMindset, Twitter  , #Optimism #NewWeek                     ,15,30, Canada   ,2023,1,31,16, feeling optimistic about the week ahead           
51,52, Starting a new fitness challenge tomorrow! 💪     ,Positive,01-02-2023 08:00, FitnessChallenge, Facebook , #FitnessChallenge #NewBeginnings       ,22,45, UK         ,2023,2,1,8, starting a new fitness challenge tomorrow 💪     
52,53, Sunday bike ride through scenic trails.           ,Neutral,01-02-2023 13:30, BikeExplorer  , Instagram , #BikeRide #ScenicTrails                ,18,35, USA     ,2023,2,1,13, sunday bike ride through scenic trails           
53,55, Can't believe the injustice happening in our society.,Negative,11-02-2023 09:30, SocialJustice   , Twitter  , #Injustice #Angry                            ,20,40, Canada     ,2023,2,11,9, cant believe the injustice happening in our society
54,56, Feeling a sense of fear after watching a thriller movie. ,Negative,11-02-2023 21:15, ThrillerFan     , Instagram , #Fear #ThrillerMovie                         ,15,30, USA          ,2023,2,11,21, feeling a sense of fear after watching a thriller movie 
55,57, Heartbroken after hearing the news about a natural disaster. ,Negative,12-02-2023 14:45, EmpathyFirst    , Facebook , #Sadness #NaturalDisaster                    ,25,50, India      ,2023,2,12,14, heartbroken after hearing the news about a natural disaster 
56,58, The state of the world's environment is just disgusting. ,Negative,12-02-2023 18:20, EcoAwareness    , Twitter  , #Disgust #Environment                        ,18,35, UK         ,2023,2,12,18, the state of the worlds environment is just disgusting 
57,59, Pure happiness: celebrating a loved one's achievement! ,Positive,13-02-2023 10:00, ProudFriend     , Instagram , #Happiness #Celebration                   ,30,60, USA ,2023,2,13,10, pure happiness celebrating a loved ones achievement 
58,60, Laughter is the best medicine—enjoying a comedy show. ,Positive,13-02-2023 19:30, ComedyFan       , Facebook , #Joy #ComedyShow                             ,22,45, Canada    ,2023,2,13,19, laughter is the best medicine—enjoying a comedy show 
59,61, Sharing love and positive vibes with everyone! ❤️      ,Positive,14-02-2023 08:30, LoveSpreader    , Twitter  , #Love #SpreadLove                            ,15,30, Australia  ,2023,2,14,8, sharing love and positive vibes with everyone ❤️      
60,62, An amusing incident brightened up my day!               ,Positive,14-02-2023 14:20, AmusedSoul      , Instagram , #Amusement #FunTimes                         ,18,35, UK           ,2023,2,14,14, an amusing incident brightened up my day               
61,63, Enjoying a quiet evening with a book and some tea.      ,Positive,14-02-2023 19:45, BookLoverAgain  , Facebook , #Enjoyment #BookTime                         ,25,50, Canada       ,2023,2,14,19, enjoying a quiet evening with a book and some tea      
62,64, Admiring the beauty of nature during a peaceful hike.   ,Positive,15-02-2023 11:30, NatureAdmirer   , Twitter  , #Admiration #Nature                         ,20,40, USA       ,2023,2,15,11, admiring the beauty of nature during a peaceful hike   
63,65, Sending affectionate vibes to all my followers!          ,Positive,15-02-2023 16:00, AffectionSender , Instagram , #Affection #PositiveVibes                   ,15,30,USA,2023,2,15,16, sending affectionate vibes to all my followers          
64,66, Experiencing awe at the breathtaking sunset.            ,Positive,15-02-2023 20:30, AweStruck       , Facebook , #Awe #Breathtaking                          ,22,45, Australia   ,2023,2,15,20, experiencing awe at the breathtaking sunset            
65,67, Disappointed with the service at a local restaurant.    ,Negative,16-02-2023 09:00, FoodieGoneWrong , Twitter  , #Disappointed #BadService                   ,18,35, India      ,2023,2,16,9, disappointed with the service at a local restaurant    
66,68, A surprise gift from a friend made my day!              ,Positive,16-02-2023 14:45, HappySurprise   , Instagram , #Surprise #Gift                              ,25,50, USA          ,2023,2,16,14, a surprise gift from a friend made my day              
67,69, Finding acceptance in the midst of life's challenges.   ,Positive,16-02-2023 18:20, AcceptanceSeeker, Facebook , #Acceptance #Challenges                     ,15,30, Canada     ,2023,2,16,18, finding acceptance in the midst of lifes challenges   
68,70, Overflowing with adoration for my adorable pet! 🐾      ,Positive,17-02-2023 10:45, PetAdorer       , Twitter  , #Adoration #PetLove                         ,22,45, UK        ,2023,2,17,10, overflowing with adoration for my adorable pet 🐾      
69,71, Anticipating a thrilling adventure in the coming weeks. ,Positive,17-02-2023 07:30, AdventureAwaits  , Instagram , #Anticipation #Adventure                    ,20,40,USA,2023,2,17,7, anticipating a thrilling adventure in the coming weeks 
70,72, A bitter experience turned into a valuable lesson.      ,Neutral,17-02-2023 15:00, LearnFromBitter , Facebook , #BitterLesson #Growth                      ,18,35, USA       ,2023,2,17,15, a bitter experience turned into a valuable lesson      
71,73, Finding calmness in the midst of a busy day.            ,Positive,18-02-2023 09:30, ZenMaster       , Twitter  , #Calmness #PeacefulMind                    ,15,30, India     ,2023,2,18,9, finding calmness in the midst of a busy day            
72,74, Confusion clouds my mind as I navigate through decisions.,Negative,18-02-2023 14:20, ConfusedMind    , Instagram , #Confusion #DecisionMaking                 ,25,50, UK   ,2023,2,18,14, confusion clouds my mind as i navigate through decisions
73,75, Excitement building up for the upcoming vacation!       ,Positive,18-02-2023 18:45, VacationDreamer , Facebook , #Excitement #TravelPlans                   ,22,45, Canada    ,2023,2,18,18, excitement building up for the upcoming vacation       
74,76, Kindness witnessed today restored my faith in humanity. ,Positive,19-02-2023 11:30, KindnessPrevails, Twitter  , #Kindness #Humanity                        ,20,40, USA       ,2023,2,19,11, kindness witnessed today restored my faith in humanity 
75,77, Pride in achieving a personal milestone.               ,Positive,19-02-2023 16:00, PersonalAchiever, Instagram , #Pride #Milestone                           ,30,60, Australia    ,2023,2,19,16, pride in achieving a personal milestone               
76,78, A moment of shame for not standing up against injustice. ,Negative,19-02-2023 19:45, ReflectiveSelf  , Facebook , #Shame #Injustice                           ,15,30, India      ,2023,2,19,19, a moment of shame for not standing up against injustice 
77,79, Fuming with anger after a heated argument.            ,Negative,20-02-2023 09:30, AngryDebater    , Twitter  , #Anger #Argument                             ,20,40, Canada     ,2023,2,20,9, fuming with anger after a heated argument            
78,80, The fear of the unknown is keeping me up at night.    ,Negative,20-02-2023 21:15, FearfulDreamer  , Instagram , #Fear #Unknown                               ,15,30, USA          ,2023,2,20,21, the fear of the unknown is keeping me up at night    
79,81, Heartfelt sadness after bidding farewell to a dear friend. ,Negative,21-02-2023 14:45, FarewellHeart   , Facebook , #Sadness #Farewell                          ,25,50, India      ,2023,2,21,14, heartfelt sadness after bidding farewell to a dear friend 
80,82, The state of corruption in our society is utterly disgusting. ,Negative,21-02-2023 18:20, AntiCorruption  , Twitter  , #Disgust #Corruption                         ,18,35, UK         ,2023,2,21,18, the state of corruption in our society is utterly disgusting 
81,83, Overflowing happiness: welcoming a new family member!  ,Positive,22-02-2023 10:00, NewParentJoy    , Instagram , #Happiness #NewFamilyMember                 ,30,60, UK           ,2023,2,22,10, overflowing happiness welcoming a new family member  
82,84, Laughter is the key to joy—attending a stand-up comedy show. ,Positive,22-02-2023 19:30, StandUpFan      , Facebook , #Joy #StandUpComedy                         ,22,45, Canada    ,2023,2,22,19, laughter is the key to joy—attending a standup comedy show 
83,85, Sending love to all my followers on this beautiful day! ❤️ ,Positive,23-02-2023 08:30, LoveSender      , Twitter  , #Love #SpreadLove                            ,15,30, Australia  ,2023,2,23,8, sending love to all my followers on this beautiful day ❤️ 
84,86, Amused by the antics of my pet—it's pure amusement!      ,Positive,23-02-2023 14:20, PetAmuser       , Instagram , #Amusement #PetAntics                       ,18,35, UK           ,2023,2,23,14, amused by the antics of my pet—its pure amusement      
85,87, Enjoying every moment of this trip—pure enjoyment!      ,Positive,23-02-2023 19:45, TravelExplorer  , Facebook , #Enjoyment #Travel                           ,25,50, USA ,2023,2,23,19, enjoying every moment of this trip—pure enjoyment      
86,88, Admiring the dedication of volunteers at a local charity. ,Positive,24-02-2023 11:30, CharityAdmirer  , Twitter  , #Admiration #Volunteers                     ,20,40, USA        ,2023,2,24,11, admiring the dedication of volunteers at a local charity 
87,89, Sending affectionate vibes to friends and family.        ,Positive,24-02-2023 16:00, FamilyLover     , Instagram , #Affection #FamilyLove                      ,15,30,USA,2023,2,24,16, sending affectionate vibes to friends and family        
88,90, Awe-struck by the beauty of the night sky.               ,Positive,24-02-2023 20:30, Stargazer       , Facebook , #Awe #StarryNight                        ,22,45, Australia ,2023,2,24,20, awestruck by the beauty of the night sky               
89,91, Disappointed with the lack of progress in a personal project. ,Negative,25-02-2023 09:00, ProjectStruggle , Twitter  , #Disappointed #Project                     ,18,35, India      ,2023,2,25,9, disappointed with the lack of progress in a personal project 
90,92, A surprise visit from an old friend brought tears of joy. ,Positive,25-02-2023 14:45, JoyfulReunion   , Instagram , #Surprise #OldFriends                       ,25,50, USA          ,2023,2,25,14, a surprise visit from an old friend brought tears of joy 
91,93, Embracing acceptance of life's ups and downs.           ,Positive,25-02-2023 18:20, LifeAcceptance  , Facebook , #Acceptance #LifeJourney                   ,15,30, Canada     ,2023,2,25,18, embracing acceptance of lifes ups and downs           
92,94, Overflowing adoration for a cute rescue puppy! 🐶       ,Positive,26-02-2023 10:45, PuppyAdmirer    , Twitter  , #Adoration #PuppyLove                       ,22,45, UK         ,2023,2,26,10, overflowing adoration for a cute rescue puppy 🐶       
93,95, Anticipating the release of a much-awaited movie.       ,Positive,26-02-2023 07:30, MovieBuff2      , Instagram , #Anticipation #MovieRelease                 ,20,40, Australia    ,2023,2,26,7, anticipating the release of a muchawaited movie       
94,96, Bitter experience at the customer service department.   ,Negative,26-02-2023 15:00, CustomerWoes    , Facebook , #BitterExperience #CustomerService         ,18,35, USA       ,2023,2,26,15, bitter experience at the customer service department   
95,97, Finding calmness amidst the chaos of daily life.        ,Positive,27-02-2023 09:30, CalmSoul        , Twitter  , #Calmness #InnerPeace                      ,15,30, India     ,2023,2,27,9, finding calmness amidst the chaos of daily life        
96,98, Confusion reigns as I try to make sense of recent events.,Negative,27-02-2023 14:20, ConfusedMind2   , Instagram , #Confusion #MakingSense                    ,25,50, UK   ,2023,2,27,14, confusion reigns as i try to make sense of recent events
97,99, Excitement building up for a surprise birthday party.   ,Positive,27-02-2023 18:45, BirthdayExcite  , Facebook , #Excitement #SurpriseParty                 ,22,45, Canada ,2023,2,27,18, excitement building up for a surprise birthday party   
98,100, Witnessed an act of kindness that made my day.          ,Positive,28-02-2023 11:30, KindnessObserver, Twitter  , #Kindness #ActsOfKindness                  ,20,40, USA       ,2023,2,28,11, witnessed an act of kindness that made my day          
99,101, Pride in completing a challenging fitness challenge.    ,Positive,28-02-2023 16:00, FitAchiever     , Instagram , #Pride #FitnessChallengeCompleted          ,30,60, UK            ,2023,2,28,16, pride in completing a challenging fitness challenge    
100,102, A moment of shame for not speaking up against injustice.,Negative,28-02-2023 19:45, ReflectiveSelf2 , Facebook , #Shame #Injustice                           ,15,30, India     ,2023,2,28,19, a moment of shame for not speaking up against injustice
101,103, Reflecting on the beauty of diversity in our world.     ,Positive,01-03-2023 10:45, DiversityLover  , Twitter  , #Acceptance #Diversity                      ,22,45, Australia ,2023,3,1,10, reflecting on the beauty of diversity in our world     
102,104, Excitement for a quiet evening with a good book.        ,Positive,01-03-2023 13:30, BookwormJoy     , Instagram , #Excitement #BookTime                       ,18,35, USA          ,2023,3,1,13, excitement for a quiet evening with a good book        
103,105, Feeling bitter about the unfairness in the workplace.   ,Negative,01-03-2023 17:45, WorkplaceWoes   , Twitter  , #Bitter #Unfairness                         ,15,30, Canada    ,2023,3,1,17, feeling bitter about the unfairness in the workplace   
104,106, Calmness prevails as I practice mindfulness.            ,Positive,02-03-2023 18:00, MindfulMe       , Facebook , #Calmness #Mindfulness                      ,15,30, UK        ,2023,3,2,18, calmness prevails as i practice mindfulness            
105,107, Confusion surrounds me as I navigate through life's choices. ,Negative,02-03-2023 13:15, ConfusedMind3   , Instagram , #Confusion #LifeChoices                     ,30,60, USA   ,2023,3,2,13, confusion surrounds me as i navigate through lifes choices 
106,108, Excitement for a weekend road trip to explore new places. ,Positive,02-03-2023 16:45, RoadTripper2    , Twitter  , #Excitement #WeekendAdventure               ,25,50, India     ,2023,3,2,16, excitement for a weekend road trip to explore new places 
107,109, Kindness witnessed today restores my faith in humanity.  ,Positive,03-03-2023 11:30, KindnessPrevails2, Facebook , #Kindness #HumanityRestored                 ,22,45, USA       ,2023,3,3,11, kindness witnessed today restores my faith in humanity  
108,110, Pride in accomplishing personal and professional goals.  ,Positive,03-03-2023 14:30, GoalAchiever    , Instagram , #Pride #Accomplishments                     ,12,25, Canada ,2023,3,3,14, pride in accomplishing personal and professional goals  
109,111, Shame for not being true to my values in a difficult situation.,Negative,03-03-2023 12:00, ReflectiveSelf3 , Twitter  , #Shame #Integrity                           ,15,30, UK        ,2023,3,3,12, shame for not being true to my values in a difficult situation
110,112," Revisiting old memories, feeling a sense of elation. ",Positive,15-05-2010 15:30, NostalgiaFan    , Twitter  , #Elation #Memories                             ,20,40, Canada    ,2010,5,15,15, revisiting old memories feeling a sense of elation 
111,113, The victory of our team brought euphoria to the city. ,Positive,10-08-2021 21:15, SportsFanatic   , Instagram , #Euphoria #Victory                             ,15,30, USA      ,2021,8,10,21, the victory of our team brought euphoria to the city 
112,114," Embracing the beauty of nature, a moment of contentment. ",Positive,20-06-2011 14:45, NatureLover2    , Facebook , #Contentment #Nature                           ,25,50, India       ,2011,6,20,14, embracing the beauty of nature a moment of contentment 
113,115," Meditating by the serene lake, finding inner peace.   ",Positive,12-02-2022 18:20, ZenMaster2      , Twitter  , #Serenity #Meditation                          ,18,35, UK          ,2022,2,12,18, meditating by the serene lake finding inner peace   
114,116, Overflowing with gratitude for life's blessings.      ,Positive,25-11-2012 10:00, ThankfulHeart   , Instagram , #Gratitude #Blessed                            ,30,60, Australia   ,2012,11,25,10, overflowing with gratitude for lifes blessings      
115,117," Hopeful for a brighter tomorrow, despite challenges.  ",Positive,05-04-2013 19:30, OptimisticSoul  , Facebook , #Hope #Optimism                                ,22,45, USA      ,2013,4,5,19, hopeful for a brighter tomorrow despite challenges  
116,118, Empowered to make a difference in my community.        ,Positive,14-09-2014 08:30, CommunityLeader , Twitter  , #Empowerment #Community                        ,15,30, UK       ,2014,9,14,8, empowered to make a difference in my community        
117,119, Compassion in action: supporting a local charity event. ,Positive,18-07-2015 14:20, CharitySupporter, Instagram , #Compassion #CharityEvent                   ,18,35, Canada ,2015,7,18,14, compassion in action supporting a local charity event 
118,120," A moment of tenderness, connecting with loved ones.    ",Positive,23-02-2016 19:45, LovingHeart     , Facebook , #Tenderness #FamilyTime                       ,25,50, UK          ,2016,2,23,19, a moment of tenderness connecting with loved ones    
119,121, Arousal of excitement as I await a special announcement.,Positive,30-10-2017 11:30, ExcitementFan   , Twitter  , #Arousal #Excitement                           ,20,40, Australia ,2017,10,30,11, arousal of excitement as i await a special announcement
120,122, Enthusiastically diving into a new project.            ,Positive,15-06-2018 16:00, ProjectEnthusiast, Instagram , #Enthusiasm #NewProject                       ,15,30, USA  ,2018,6,15,16, enthusiastically diving into a new project            
121,123, Feeling a sense of fulfillment after reaching a milestone.,Positive,28-03-2019 18:20, MilestoneAchiever, Facebook , #Fulfillment #Milestone                       ,22,45, India     ,2019,3,28,18, feeling a sense of fulfillment after reaching a milestone
122,124, Reverence for the beauty of a historic landmark.       ,Positive,11-11-2019 15:00, HistoryLover    , Twitter  , #Reverence #History                           ,18,35, UK      ,2019,11,11,15, reverence for the beauty of a historic landmark       
123,125, Elation after a surprise reunion with old friends.    ,Positive,02-04-2020 09:30, JoyfulReunion2  , Instagram , #Elation #OldFriends                          ,25,50, Canada      ,2020,4,2,9, elation after a surprise reunion with old friends    
124,126, The euphoria of a live music concert under the stars.  ,Positive,19-06-2021 14:45, MusicEnthusiast , Facebook , #Euphoria #LiveMusic                          ,15,30, USA ,2021,6,19,14, the euphoria of a live music concert under the stars  
125,127, Contentment in the simplicity of a quiet Sunday.       ,Positive,15-08-2010 10:00, SimpleJoys      , Twitter  , #Contentment #SundayMood                      ,30,60, Australia ,2010,8,15,10, contentment in the simplicity of a quiet sunday       
126,128, Serenity found in the pages of a favorite book.        ,Positive,22-09-2011 19:30, BookLover3      , Instagram , #Serenity #BookTime                           ,22,45, UK          ,2011,9,22,19, serenity found in the pages of a favorite book        
127,129, Gratitude for the support received during tough times. ,Positive,10-03-2012 08:30, SupportiveFriend, Facebook , #Gratitude #Supportive                        ,15,30, India     ,2012,3,10,8, gratitude for the support received during tough times 
128,130, Hopeful about the possibilities of a new journey.      ,Positive,05-12-2013 16:00, JourneyOptimist , Twitter  , #Hope #NewBeginnings                          ,18,35, Canada    ,2013,12,5,16, hopeful about the possibilities of a new journey      
129,131, Empowerment through learning and personal growth.      ,Positive,20-07-2014 11:30, GrowthSeeker    , Instagram , #Empowerment #PersonalGrowth                  ,25,50,USA,2014,7,20,11, empowerment through learning and personal growth      
130,132, Compassion towards those in need during the holidays.  ,Positive,22-12-2015 14:20, HolidayHelper   , Facebook , #Compassion #HolidaySupport                   ,18,35, USA      ,2015,12,22,14, compassion towards those in need during the holidays  
131,133, Tenderness in the warmth of a cozy winter evening.     ,Positive,10-02-2016 19:45, WinterWarmth    , Twitter  , #Tenderness #CozyEvening                     ,25,50, UK       ,2016,2,10,19, tenderness in the warmth of a cozy winter evening     
132,134, Arousal of excitement for an upcoming adventure.       ,Positive,30-04-2017 11:30, AdventureAwaits , Instagram , #Arousal #AdventureTime                       ,20,40, Australia ,2017,4,30,11, arousal of excitement for an upcoming adventure       
133,135, Enthusiasm for a creative project in the making.       ,Positive,15-09-2018 16:00, CreativeSpirit  , Facebook , #Enthusiasm #Creativity                       ,15,30, Canada    ,2018,9,15,16, enthusiasm for a creative project in the making       
134,136, Fulfillment in completing a challenging workout routine.,Positive,28-06-2019 18:20, FitnessAchiever , Twitter  , #Fulfillment #FitnessGoals                   ,22,45, India     ,2019,6,28,18, fulfillment in completing a challenging workout routine
135,137, Reverence for the artistry displayed in a museum.      ,Neutral,11-11-2020 15:00, ArtAppreciator  , Instagram , #Reverence #ArtAppreciation                  ,18,35, UK        ,2020,11,11,15, reverence for the artistry displayed in a museum      
136,138, Elation after achieving a personal goal.               ,Positive,02-03-2021 09:30, GoalAchiever2   , Facebook , #Elation #PersonalAchievement                ,25,50, USA      ,2021,3,2,9, elation after achieving a personal goal               
137,139, Elation over discovering a hidden gem in the city.   ,Positive,18-02-2012 14:30, UrbanExplorer2  , Twitter  , #Elation #HiddenGem                            ,20,40, USA      ,2012,2,18,14, elation over discovering a hidden gem in the city   
138,140, The euphoria of a surprise birthday celebration.     ,Positive,05-11-2018 21:45, BirthdayJoy     , Instagram , #Euphoria #BirthdaySurprise                   ,15,30, UK   ,2018,11,5,21, the euphoria of a surprise birthday celebration     
139,141, Contentment in the simplicity of a home-cooked meal. ,Positive,12-09-2015 13:20, HomeChef        , Facebook , #Contentment #HomeCooking                     ,25,50, India    ,2015,9,12,13, contentment in the simplicity of a homecooked meal 
140,142, Serenity found in the melody of a peaceful piano.    ,Positive,30-07-2016 18:10, MusicLover4     , Twitter  , #Serenity #PeacefulMelody                    ,18,35, Canada      ,2016,7,30,18, serenity found in the melody of a peaceful piano    
141,143, Gratitude for the supportive community around me.    ,Positive,20-04-2013 10:30, CommunityLove   , Instagram , #Gratitude #CommunitySupport                   ,30,60, USA ,2013,4,20,10, gratitude for the supportive community around me    
142,144, Hopeful about the prospects of a new business venture.,Positive,08-12-2017 19:15, EntrepreneurHope, Facebook , #Hope #BusinessVenture                        ,22,45, Canada    ,2017,12,8,19, hopeful about the prospects of a new business venture
143,145, Empowerment through mentoring and guiding others.    ,Positive,03-06-2014 08:20, MentorEmpower   , Twitter  , #Empowerment #Mentorship                      ,15,30, UK       ,2014,6,3,8, empowerment through mentoring and guiding others    
144,146, Compassion shown through acts of kindness in the community.,Positive,15-01-2019 14:50, KindnessInAction, Instagram , #Compassion #CommunityKindness               ,18,35, Australia ,2019,1,15,14, compassion shown through acts of kindness in the community
145,147, Tenderness in a heartfelt message to a loved one.    ,Positive,25-12-2016 19:30, LoveExpress     , Facebook , #Tenderness #LoveNote                         ,25,50, UK          ,2016,12,25,19, tenderness in a heartfelt message to a loved one    
146,148, Arousal of excitement before a much-awaited trip.    ,Positive,10-03-2018 09:45, TravelExcitement, Twitter  , #Arousal #TravelAdventure                     ,20,40, India    ,2018,3,10,9, arousal of excitement before a muchawaited trip    
147,149, Enthusiasm for a new artistic project in the works.  ,Positive,17-09-2020 16:30, ArtisticSpirit  , Instagram , #Enthusiasm #ArtisticProject                 ,15,30, USA       ,2020,9,17,16, enthusiasm for a new artistic project in the works  
148,150, Feeling a sense of fulfillment after helping others. ,Positive,28-08-2011 18:45, HelperHeart     , Facebook , #Fulfillment #HelpingOthers                  ,22,45, Canada    ,2011,8,28,18, feeling a sense of fulfillment after helping others 
149,151, Reverence for the historical significance of a landmark.,Neutral,01-11-2017 15:30, HistoryBuff     , Twitter  , #Reverence #HistoricalSite                   ,18,35, Australia ,2017,11,1,15, reverence for the historical significance of a landmark
150,152, Elation after achieving a fitness milestone.         ,Positive,15-06-2019 10:00, FitnessAchiever2, Instagram , #Elation #FitnessMilestone                   ,25,50, UK           ,2019,6,15,10, elation after achieving a fitness milestone         
151,153, The euphoria of a successful product launch.         ,Positive,03-04-2022 11:45, ProductLaunchJoy, Facebook , #Euphoria #ProductLaunchSuccess              ,15,30, USA       ,2022,4,3,11, the euphoria of a successful product launch         
152,154, Contentment in the embrace of a loved one.           ,Positive,12-11-2010 20:20, LovingEmbrace   , Twitter  , #Contentment #Love                             ,30,60, India    ,2010,11,12,20, contentment in the embrace of a loved one           
153,155, Serenity found in the beauty of a sunset by the sea.  ,Positive,22-07-2011 18:30, SunsetWatcher2  , Instagram , #Serenity #SunsetViews                       ,22,45, Canada     ,2011,7,22,18, serenity found in the beauty of a sunset by the sea  
154,156, Gratitude for the small joys that each day brings.   ,Positive,30-03-2012 11:20, JoyfulHeart2    , Facebook , #Gratitude #SmallJoys                        ,15,30, Australia   ,2012,3,30,11, gratitude for the small joys that each day brings   
155,157, Hopeful about the potential for personal growth.      ,Positive,05-10-2013 16:40, GrowthOptimist  , Twitter  , #Hope #PersonalDevelopment                    ,18,35, UK       ,2013,10,5,16, hopeful about the potential for personal growth      
156,158, Empowerment through learning a new skill.            ,Positive,10-07-2014 13:15, SkillEmpower    , Instagram , #Empowerment #SkillBuilding                   ,25,50, India   ,2014,7,10,13, empowerment through learning a new skill            
157,159, Compassion in volunteering for a local charity.       ,Positive,18-12-2015 14:20, CharityVolunteer, Facebook , #Compassion #VolunteerWork                   ,18,35, USA      ,2015,12,18,14, compassion in volunteering for a local charity       
158,160, Tenderness in a quiet moment shared with a pet.      ,Positive,10-02-2016 19:45, PetLove         , Twitter  , #Tenderness #PetLove                          ,25,50, Canada   ,2016,2,10,19, tenderness in a quiet moment shared with a pet      
159,161, Arousal of excitement for an upcoming festival.       ,Positive,25-09-2017 11:30, FestivalFan     , Instagram , #Arousal #FestivalExcitement               ,20,40, UK ,2017,9,25,11, arousal of excitement for an upcoming festival       
160,162, Enthusiasm for a DIY home improvement project.       ,Positive,15-04-2018 16:00, DIYEnthusiast   , Facebook , #Enthusiasm #HomeImprovement                 ,15,30, Australia   ,2018,4,15,16, enthusiasm for a diy home improvement project       
161,163, Fulfillment in completing a challenging puzzle.      ,Positive,28-11-2019 18:20, PuzzleMaster    , Twitter  , #Fulfillment #PuzzleChallenge                ,22,45, India    ,2019,11,28,18, fulfillment in completing a challenging puzzle      
162,164, Reverence for the wonders of nature on a hiking trail.,Positive,11-05-2020 15:00, NatureAdmirer   , Instagram , #Reverence #NatureExploration                ,18,35, USA        ,2020,5,11,15, reverence for the wonders of nature on a hiking trail
163,165, Elation after a surprise reunion with a childhood friend.,Positive,05-02-2021 09:30, ChildhoodJoy    , Facebook , #Elation #FriendshipReunion                  ,25,50, Canada      ,2021,2,5,9, elation after a surprise reunion with a childhood friend
164,166, Suffering from despair after another setback.      ,Negative,10-03-2021 08:30, StrugglingSoul    , Twitter  , #Despair #Struggle                              ,5,10, USA          ,2021,3,10,8, suffering from despair after another setback      
165,167," Overwhelmed by grief, missing a loved one dearly.  ",Negative,05-07-2022 15:45, MourningHeart     , Instagram , #Grief #Loss                                   ,8,15, Canada          ,2022,7,5,15, overwhelmed by grief missing a loved one dearly  
166,168, Loneliness creeps in as the night grows colder.    ,Negative,18-11-2019 21:20, SolitarySoul      , Facebook , #Loneliness #Isolation                         ,10,20, UK           ,2019,11,18,21, loneliness creeps in as the night grows colder    
167,169, Jealousy consumes me as I witness others' success. ,Negative,12-08-2020 11:30, EnviousObserver   , Twitter  , #Jealousy #Envy                               ,12,25, India        ,2020,8,12,11, jealousy consumes me as i witness others success 
168,170, Resentment building up over past betrayals.        ,Negative,22-05-2018 14:45, BitterHeart       , Instagram , #Resentment #Bitterness                       ,7,15, Australia     ,2018,5,22,14, resentment building up over past betrayals        
169,171, Frustration mounts as obstacles block my path.     ,Negative,30-01-2017 16:10, BlockedGoals      , Facebook , #Frustration #Obstacles                       ,10,20, USA          ,2017,1,30,16, frustration mounts as obstacles block my path     
170,172," Boredom sets in, the day feels endlessly dull.     ",Negative,28-09-2016 19:45, BoredMind         , Twitter  , #Boredom #LackOfInterest                     ,8,15, Canada        ,2016,9,28,19, boredom sets in the day feels endlessly dull     
171,173," Anxiety grips my heart, worry clouds my thoughts.  ",Negative,15-04-2019 09:00, WorriedMind       , Instagram , #Anxiety #Worry                               ,12,25, UK           ,2019,4,15,9, anxiety grips my heart worry clouds my thoughts  
172,174, Intimidation by the unknown future ahead.          ,Negative,03-12-2021 18:30, FearfulSoul       , Facebook , #Intimidation #Fear                           ,15,30, India        ,2021,12,3,18, intimidation by the unknown future ahead          
173,175, Helplessness sinks in as challenges pile up.       ,Negative,20-06-2020 14:20, OverwhelmedHeart  , Twitter  , #Helplessness #Overwhelmed                    ,8,15, Australia    ,2020,6,20,14, helplessness sinks in as challenges pile up       
174,176, Envy eats away at me as I see others' prosperity.  ,Negative,07-11-2018 11:30, CovetousMind     , Instagram , #Envy #Desire                                ,10,20, Canada        ,2018,11,7,11, envy eats away at me as i see others prosperity  
175,177, Regret over missed opportunities haunts my thoughts.,Negative,25-08-2017 16:00, RemorsefulSoul   , Facebook , #Regret #MissedChances                       ,12,25, UK           ,2017,8,25,16, regret over missed opportunities haunts my thoughts
176,178, Disgust at the sight of injustice and cruelty.     ,Negative,11-02-2019 09:45, DisgustedHeart   , Twitter  , #Disgust #Injustice                          ,7,15, India        ,2019,2,11,9, disgust at the sight of injustice and cruelty     
177,179," Drowning in despair, hope slipping through my fingers.",Negative,02-04-2016 20:20, HopelessHeart    , Instagram , #Despair #Hopeless                           ,10,20, USA          ,2016,4,2,20, drowning in despair hope slipping through my fingers
178,180," Grief weighs heavy, tears a constant companion.    ",Negative,18-10-2015 15:30, TearfulSoul      , Facebook , #Grief #Tears                                ,12,25, Canada        ,2015,10,18,15, grief weighs heavy tears a constant companion    
179,181," Loneliness in a crowded room, a silent cry for connection.",Negative,12-07-2019 18:10, IsolatedMind     , Twitter  , #Loneliness #SeekingConnection              ,15,30, UK            ,2019,7,12,18, loneliness in a crowded room a silent cry for connection
180,182," Jealousy gnaws at my confidence, a toxic emotion.  ",Negative,03-06-2018 16:30, SelfDoubt        , Instagram , #Jealousy #Insecurity                       ,8,15, India         ,2018,6,3,16, jealousy gnaws at my confidence a toxic emotion  
181,183," Resentment festers, poisoning relationships.       ",Negative,15-01-2022 12:00, BrokenTrust      , Facebook , #Resentment #BrokenTrust                     ,10,20, Australia    ,2022,1,15,12, resentment festers poisoning relationships       
182,184," Frustration boils over, a volcanic eruption of emotions.",Negative,10-04-2017 14:45, ExplosiveMind    , Twitter  , #Frustration #EmotionalOutburst             ,12,25, USA          ,2017,4,10,14, frustration boils over a volcanic eruption of emotions
183,185," Boredom settles like dust, life feels mundane.     ",Negative,28-11-2016 19:00, MundaneHeart     , Instagram , #Boredom #Monotony                          ,7,15, Canada        ,2016,11,28,19, boredom settles like dust life feels mundane     
184,186," Anxiety grips my chest, a relentless grip on my thoughts.",Negative,05-09-2018 09:30, RestlessMind     , Facebook , #Anxiety #Restlessness                      ,10,20, UK            ,2018,9,5,9, anxiety grips my chest a relentless grip on my thoughts
185,187," Intimidation by the challenges ahead, fear takes hold.",Negative,22-10-2021 18:30, FearfulJourney   , Twitter  , #Intimidation #FacingFear                   ,15,30, India         ,2021,10,22,18, intimidation by the challenges ahead fear takes hold
186,188," Helplessness engulfs me, drowning in a sea of problems.",Negative,08-05-2019 14:20, OverwhelmedSoul  , Instagram , #Helplessness #Struggling                   ,8,15, Australia    ,2019,5,8,14, helplessness engulfs me drowning in a sea of problems
187,189," Envy poisons my thoughts, coveting others' success.",Negative,20-03-2017 11:30, GreenEyedMonster , Facebook , #Envy #Success                              ,10,20, Canada        ,2017,3,20,11, envy poisons my thoughts coveting others success
188,190, Regret for decisions that led to a painful present.,Negative,15-12-2018 16:00, RegretfulMind    , Twitter  , #Regret #PastChoices                        ,12,25, USA          ,2018,12,15,16, regret for decisions that led to a painful present
189,191, Disgust at the corruption that stains society.     ,Negative,01-07-2016 09:45, CorruptedHeart   , Instagram , #Disgust #Corruption                        ,7,15, UK            ,2016,7,1,9, disgust at the corruption that stains society     
190,192," Sinking in despair, each day darker than the last. ",Negative,20-08-2020 20:20, DrowningSoul     , Facebook , #Despair #DarkDays                          ,10,20, India         ,2020,8,20,20, sinking in despair each day darker than the last 
191,193," Grief overwhelms, a storm of emotions within.      ",Negative,25-02-2021 15:30, StormyHeart      , Twitter  , #Grief #EmotionalStorm                      ,12,25, Canada        ,2021,2,25,15, grief overwhelms a storm of emotions within      
192,194," Loneliness echoes in empty spaces, yearning for connection.",Neutral,12-09-2019 18:10, EchoingSoul     , Instagram , #Loneliness #YearningForConnection         ,15,30, Australia     ,2019,9,12,18, loneliness echoes in empty spaces yearning for connection
193,195," Jealousy poisons my thoughts, resentment brewing within.",Negative,05-08-2018 16:30, PoisonedMind    , Facebook , #Jealousy #Resentment                       ,8,15, USA           ,2018,8,5,16, jealousy poisons my thoughts resentment brewing within
194,196," Resentment festers, a wound that refuses to heal.  ",Negative,12-01-2017 12:00, UnforgivingSoul  , Twitter  , #Resentment #Unforgiving                    ,10,20, India         ,2017,1,12,12, resentment festers a wound that refuses to heal  
195,197," Frustration escalates, a thunderstorm of emotions. ",Negative,05-04-2022 14:45, ThunderingMind   , Instagram , #Frustration #EmotionalOutburst            ,12,25, UK            ,2022,4,5,14, frustration escalates a thunderstorm of emotions 
196,198," Boredom lingers, a stagnant pool of indifference.  ",Negative,02-10-2021 19:00, StagnantHeart    , Facebook , #Boredom #Stagnation                        ,7,15, Canada        ,2021,10,2,19, boredom lingers a stagnant pool of indifference  
197,199," Embarking on a journey of discovery, fueled by curiosity and a thirst for knowledge. ",Positive,15-04-2023 10:15, InquisitiveMind   , Twitter  , #Curiosity #Learning                        ,15,30, USA          ,2023,4,15,10, embarking on a journey of discovery fueled by curiosity and a thirst for knowledge 
198,200," Lost in the vast sea of information, an indifferent wave in the digital ocean. ",Neutral,28-11-2022 17:30, ApatheticObserver , Instagram , #Indifference #DigitalOverload              ,7,15, Canada          ,2022,11,28,17, lost in the vast sea of information an indifferent wave in the digital ocean 
199,201," The complex puzzle of life leaves me in a state of perpetual confusion, seeking answers in the chaos. ",Negative,02-04-2020 09:45, SeekingClarity    , Facebook , #Confusion #LifePuzzle                     ,10,20, UK           ,2020,4,2,9, the complex puzzle of life leaves me in a state of perpetual confusion seeking answers in the chaos 
200,202," A numbness settles over me, a shield against the overwhelming emotions life throws my way. ",Neutral,10-08-2021 14:00, EmotionallyDistant , Twitter  , #Numbness #EmotionalShield                 ,8,15, India        ,2021,8,10,14, a numbness settles over me a shield against the overwhelming emotions life throws my way 
201,203," Gazing at the sunset, a melancholic longing for moments that slip through the fingers of time. ",Neutral,18-06-2019 20:45, SunsetDreamer     , Instagram , #Melancholy #SunsetMoments                 ,12,25, Australia     ,2019,6,18,20, gazing at the sunset a melancholic longing for moments that slip through the fingers of time 
202,204," Revisiting old photographs, caught in the embrace of nostalgia's bittersweet symphony. ",Neutral,05-02-2018 15:15, MemoryLaneTraveler , Facebook , #Nostalgia #MemoryLane                     ,10,20, USA          ,2018,2,5,15, revisiting old photographs caught in the embrace of nostalgias bittersweet symphony 
203,205," Torn between conflicting emotions, an ambivalence that paints my decisions in shades of uncertainty. ",Negative,30-05-2022 11:30, MixedFeelings     , Twitter  , #Ambivalence #UncertainChoices             ,12,25, Canada        ,2022,5,30,11, torn between conflicting emotions an ambivalence that paints my decisions in shades of uncertainty 
204,206," Embracing the ebb and flow of life, finding acceptance in the dance of existence. ",Positive,10-01-2023 16:20, ZenLifestyle      , Instagram , #Acceptance #LifeJourney                   ,15,30, UK           ,2023,1,10,16, embracing the ebb and flow of life finding acceptance in the dance of existence 
205,207," Facing challenges head-on, a determination that fuels the fire within to achieve the impossible. ",Positive,18-09-2020 13:45, ResilientSpirit   , Facebook , #Determination #AchieveTheImpossible       ,10,20, India        ,2020,9,18,13, facing challenges headon a determination that fuels the fire within to achieve the impossible 
206,208," Serenity found in the stillness of nature, a tranquil retreat from the chaos of the modern world. ",Positive,03-07-2021 19:00, NatureSoul        , Twitter  , #Serenity #NatureRetreat                   ,12,25, Australia    ,2021,7,3,19, serenity found in the stillness of nature a tranquil retreat from the chaos of the modern world 
207,209," Curiosity leading me down the rabbit hole of knowledge, a perpetual student in life's classroom. ",Neutral,08-10-2022 08:15, EternalLearner    , Instagram , #Curiosity #KnowledgeQuest                ,20,40, USA          ,2022,10,8,8, curiosity leading me down the rabbit hole of knowledge a perpetual student in lifes classroom 
208,210," Floating through the day with an air of indifference, detached from the mundane happenings around. ",Neutral,22-03-2023 16:30, AloofObserver     , Facebook , #Indifference #FloatingThroughLife        ,10,20, Canada        ,2023,3,22,16, floating through the day with an air of indifference detached from the mundane happenings around 
209,211," Entangled in the web of thoughts, confusion reigning as I navigate the labyrinth of ideas. ",Neutral,15-05-2021 11:45, ThoughtExplorer   , Twitter  , #Confusion #ThoughtLabyrinth              ,15,30, UK            ,2021,5,15,11, entangled in the web of thoughts confusion reigning as i navigate the labyrinth of ideas 
210,212," Numb to the chaos, emotions locked away, a stoic facade concealing the inner turmoil. ",Neutral,28-12-2019 14:30, StoicSoul         , Instagram , #Numbness #StoicFacade                    ,8,15, Australia     ,2019,12,28,14, numb to the chaos emotions locked away a stoic facade concealing the inner turmoil 
211,213," Melancholy whispers in the breeze, a silent conversation with the echoes of forgotten dreams. ",Neutral,01-03-2020 19:00, DreamerInSilence  , Facebook , #Melancholy #WhispersInTheBreeze         ,12,25, India         ,2020,3,1,19, melancholy whispers in the breeze a silent conversation with the echoes of forgotten dreams 
212,214," Stumbling upon an old journal, nostalgia flooding in waves, carrying me to moments long gone. ",Neutral,10-07-2018 15:45, JournalKeeper     , Twitter  , #Nostalgia #JournalMoments               ,10,20, Canada        ,2018,7,10,15, stumbling upon an old journal nostalgia flooding in waves carrying me to moments long gone 
213,215," A tapestry of conflicting feelings, weaving through uncertainty, caught in the threads of ambivalence. ",Neutral,05-01-2022 10:30, ThreadWeaver      , Instagram , #Ambivalence #ConflictingFeelings        ,12,25, UK            ,2022,1,5,10, a tapestry of conflicting feelings weaving through uncertainty caught in the threads of ambivalence 
214,216," Embracing the flaws, finding acceptance in imperfection, a journey towards self-love. ",Positive,20-08-2021 16:20, SelfLoveAdvocate  , Facebook , #Acceptance #SelfLoveJourney              ,15,30, Australia    ,2021,8,20,16, embracing the flaws finding acceptance in imperfection a journey towards selflove 
215,217," Determination burning like a wildfire, overcoming obstacles, turning dreams into reality. ",Positive,03-11-2019 13:45, DreamChaser       , Twitter  , #Determination #DreamsIntoReality        ,18,35, USA          ,2019,11,3,13, determination burning like a wildfire overcoming obstacles turning dreams into reality 
216,218," Tranquil moments by the ocean, serenity washing over, a peaceful retreat within the waves' embrace. ",Positive,12-04-2020 19:30, OceanSoul         , Instagram , #Serenity #OceanRetreat                   ,25,50, Canada        ,2020,4,12,19, tranquil moments by the ocean serenity washing over a peaceful retreat within the waves embrace 
217,219," Exploring new horizons with the spark of curiosity, an adventurer in the vast landscape of knowledge. ",Positive,15-04-2022 08:45, HorizonExplorer   , Facebook , #Curiosity #NewHorizons                  ,22,45, India         ,2022,4,15,8, exploring new horizons with the spark of curiosity an adventurer in the vast landscape of knowledge 
218,220," Drifting through the day with a nonchalant demeanor, embracing the art of indifference. ",Neutral,10-02-2023 17:00, NonchalantSpirit  , Twitter  , #Indifference #DriftingThroughLife       ,9,18, UK            ,2023,2,10,17, drifting through the day with a nonchalant demeanor embracing the art of indifference 
219,221," Wrestling with thoughts, a perplexed mind lost in the labyrinth of life's complexities. ",Neutral,05-08-2020 12:15, ComplexThinker    , Instagram , #Confusion #PerplexedMind                ,14,28, Australia    ,2020,8,5,12, wrestling with thoughts a perplexed mind lost in the labyrinth of lifes complexities 
220,222," Immersed in a state of emotional numbness, a shield against the storm of daily struggles. ",Neutral,01-12-2021 15:30, ShieldedHeart     , Facebook , #Numbness #EmotionalShield               ,10,20, USA          ,2021,12,1,15, immersed in a state of emotional numbness a shield against the storm of daily struggles 
221,223," A melancholic symphony playing in the background, the soundtrack of a wistful heart. ",Neutral,25-03-2019 21:00, SymphonySoul      , Twitter  , #Melancholy #WistfulHeart                ,13,26, Canada        ,2019,3,25,21, a melancholic symphony playing in the background the soundtrack of a wistful heart 
222,224," Flipping through the pages of an old yearbook, nostalgia painting smiles and tears on my face. ",Positive,18-06-2017 14:45, YearbookExplorer  , Instagram , #Nostalgia #YearbookMemories            ,12,25, India         ,2017,6,18,14, flipping through the pages of an old yearbook nostalgia painting smiles and tears on my face 
223,225," Torn between opposing emotions, an ambivalence that colors my decisions with shades of uncertainty. ",Negative,08-07-2022 11:30, DecisiveDilemma   , Facebook , #Ambivalence #ShadesOfUncertainty       ,15,30, Australia    ,2022,7,8,11, torn between opposing emotions an ambivalence that colors my decisions with shades of uncertainty 
224,226," Embracing life's imperfections, finding acceptance in the journey, scars and all. ",Positive,15-05-2023 16:20, ImperfectHarmony  , Twitter  , #Acceptance #ImperfectJourney            ,18,36, Canada        ,2023,5,15,16, embracing lifes imperfections finding acceptance in the journey scars and all 
225,227," A fiery determination burning within, fueled by the vision of reaching unparalleled heights. ",Positive,10-09-2021 14:45, VisionarySpirit   , Instagram , #Determination #UnparalleledHeights      ,20,40, UK            ,2021,9,10,14, a fiery determination burning within fueled by the vision of reaching unparalleled heights 
226,228," Basking in the serenity of a quiet forest, where the whispers of nature bring peace to the soul. ",Positive,28-02-2020 18:30, ForestDreamer     , Facebook , #Serenity #NatureWhispers                ,25,50, USA          ,2020,2,28,18, basking in the serenity of a quiet forest where the whispers of nature bring peace to the soul 
227,231," Indifferent to the noise of the world, a silent observer in the midst of life's cacophony. ",Neutral,10-03-2023 16:30, SilentSpectator   , Instagram , #Indifference #SilentObserver            ,9,18, India         ,2023,3,10,16, indifferent to the noise of the world a silent observer in the midst of lifes cacophony 
228,232," Navigating through the labyrinth of thoughts, confusion a constant companion in the maze of ideas. ",Neutral,02-05-2021 11:45, MazeNavigator     , Facebook , #Confusion #ThoughtLabyrinth              ,14,28, Australia    ,2021,5,2,11, navigating through the labyrinth of thoughts confusion a constant companion in the maze of ideas 
229,233," An impenetrable numbness shields me from the emotional storms, a fortress of stoic resilience. ",Neutral,18-10-2019 14:30, ResilientFortress , Twitter  , #Numbness #StoicResilience               ,11,22, UK            ,2019,10,18,14, an impenetrable numbness shields me from the emotional storms a fortress of stoic resilience 
230,234," Melancholy painting the world in hues of nostalgia, a canvas of bittersweet memories. ",Neutral,05-01-2020 20:00, CanvasDreamer     , Instagram , #Melancholy #BittersweetMemories         ,13,26, USA          ,2020,1,5,20, melancholy painting the world in hues of nostalgia a canvas of bittersweet memories 
231,235," A journey into the past, flipping through the pages of an old diary, nostalgia taking the lead. ",Neutral,10-08-2018 15:45, DiaryExplorer     , Facebook , #Nostalgia #DiaryJourney                 ,12,25, Canada        ,2018,8,10,15, a journey into the past flipping through the pages of an old diary nostalgia taking the lead 
232,236," Ambivalence clouding decisions, caught in the crossroads of conflicting emotions. ",Negative,15-01-2022 10:30, CrossroadsTraveler , Twitter  , #Ambivalence #ConflictingEmotions        ,15,30, India         ,2022,1,15,10, ambivalence clouding decisions caught in the crossroads of conflicting emotions 
233,237," Embracing imperfections, finding acceptance in the mosaic of life's beautiful chaos. ",Positive,20-07-2021 16:20, MosaicDreamer     , Instagram , #Acceptance #BeautifulChaos              ,18,36, Australia     ,2021,7,20,16, embracing imperfections finding acceptance in the mosaic of lifes beautiful chaos 
234,238," Determination as the driving force, propelling me forward on the path to extraordinary achievements. ",Positive,03-12-2019 13:45, PathfinderSpirit  , Facebook , #Determination #ExtraordinaryPath        ,20,40, USA          ,2019,12,3,13, determination as the driving force propelling me forward on the path to extraordinary achievements 
235,239," Seeking serenity in the melody of raindrops, a tranquil escape from the noise of everyday life. ",Positive,12-04-2020 19:30, RaindropHarmony   , Twitter  , #Serenity #RaindropMelody                ,25,50, Canada        ,2020,4,12,19, seeking serenity in the melody of raindrops a tranquil escape from the noise of everyday life 
236,240," Curiosity driving the exploration of the unknown, a seeker of knowledge in uncharted territories. ",Neutral,08-05-2022 08:45, SeekerOfUnknowns  , Instagram , #Curiosity #SeekerOfKnowledge            ,22,45, UK            ,2022,5,8,8, curiosity driving the exploration of the unknown a seeker of knowledge in uncharted territories 
237,241," Drifting through the day with an air of nonchalance, indifferent to the trivialities of life. ",Neutral,22-02-2023 17:00, NonchalantWanderer, Facebook , #Indifference #DriftingThroughLife       ,9,18, India         ,2023,2,22,17, drifting through the day with an air of nonchalance indifferent to the trivialities of life 
238,242," Lost in the labyrinth of thoughts, confusion casting shadows on the quest for clarity. ",Neutral,05-06-2020 12:15, ShadowedSeeker    , Twitter  , #Confusion #LabyrinthOfThoughts          ,14,28, Australia    ,2020,6,5,12, lost in the labyrinth of thoughts confusion casting shadows on the quest for clarity 
239,243," Wrapped in the cloak of emotional numbness, a shield against the storms of life's turbulence. ",Neutral,30-11-2021 15:30, TurbulentShield   , Instagram , #Numbness #EmotionalStorms               ,10,20, Canada        ,2021,11,30,15, wrapped in the cloak of emotional numbness a shield against the storms of lifes turbulence 
240,244," Melancholy as a companion, painting the canvas of life with the brushstrokes of wistful yearning. ",Neutral,25-02-2019 21:00, WistfulPainter    , Facebook , #Melancholy #WistfulYearning             ,13,26, UK            ,2019,2,25,21, melancholy as a companion painting the canvas of life with the brushstrokes of wistful yearning 
241,245," Leafing through the pages of an old photo album, nostalgia weaving tales of laughter and tears. ",Neutral,18-05-2017 14:45, TaleWeaver        , Twitter  , #Nostalgia #PhotoAlbumStories            ,12,25, USA          ,2017,5,18,14, leafing through the pages of an old photo album nostalgia weaving tales of laughter and tears 
242,246," Ambivalence in the air, caught between the crossroads of conflicting emotions and decisions. ",Negative,05-08-2022 11:30, CrossroadsExplorer, Instagram , #Ambivalence #CrossroadsConfusion        ,15,30, Canada        ,2022,8,5,11, ambivalence in the air caught between the crossroads of conflicting emotions and decisions 
243,247," Embracing the beauty in imperfections, finding acceptance in the mosaic of life's unpredictable art. ",Positive,15-06-2023 16:20, MosaicArtist      , Facebook , #Acceptance #UnpredictableArt            ,18,36, Australia    ,2023,6,15,16, embracing the beauty in imperfections finding acceptance in the mosaic of lifes unpredictable art 
244,248," Determination ablaze, forging a path through challenges, sculpting dreams into tangible realities. ",Positive,10-10-2021 14:45, DreamSculptor     , Twitter  , #Determination #SculptingDreams          ,20,40, UK            ,2021,10,10,14, determination ablaze forging a path through challenges sculpting dreams into tangible realities 
245,249," Immerse in the serenity of a moonlit night, where the quiet whispers of nature bring peace to the soul. ",Positive,12-05-2020 19:30, MoonlitSoul       , Instagram , #Serenity #MoonlitPeace                  ,25,50, USA          ,2020,5,12,19, immerse in the serenity of a moonlit night where the quiet whispers of nature bring peace to the soul 
246,250," Fueled by curiosity, venturing into uncharted realms, a fearless explorer of the mysteries of the world. ",Positive,01-12-2022 09:15, FearlessExplorer  , Facebook , #Curiosity #FearlessExplorer              ,22,44, India         ,2022,12,1,9, fueled by curiosity venturing into uncharted realms a fearless explorer of the mysteries of the world 
247,251,"Wrapped in the cloak of emotional numbness, a shield against the storms of life's turbulence. ",Neutral,30-11-2021 15:30, TurbulentShield , Instagram , #Numbness #EmotionalStorms ,10,20, Canada ,2021,11,30,15,wrapped in the cloak of emotional numbness a shield against the storms of lifes turbulence 
248,252," Dancing through life with the exuberance of a carefree spirit, embracing joy and zest at every turn. ",Positive,12-07-2018 17:45, JoyfulDancer , Twitter , #Zest #CarefreeSpirit ,15,30, USA ,2018,7,12,17, dancing through life with the exuberance of a carefree spirit embracing joy and zest at every turn 
249,253," Basking in the golden glow of contentment, a serene river flowing through the landscape of the heart. ",Positive,05-09-2020 20:10, SereneBasker , Facebook , #Contentment #GoldenGlow ,18,36, Australia ,2020,9,5,20, basking in the golden glow of contentment a serene river flowing through the landscape of the heart 
250,254," Gazing towards the horizon with hopeful eyes, painting a canvas of dreams illuminated by the sun of optimism. ",Positive,18-04-2022 08:00, DreamPainter , Instagram , #Hopeful #CanvasOfDreams ,12,24, India ,2022,4,18,8, gazing towards the horizon with hopeful eyes painting a canvas of dreams illuminated by the sun of optimism 
251,255," Standing tall, proud as an oak, the branches of achievement reaching towards the sky of accomplishment. ",Positive,10-12-2019 12:20, OakAchiever , Twitter , #Proud #BranchesOfAchievement ,25,50, Canada ,2019,12,10,12, standing tall proud as an oak the branches of achievement reaching towards the sky of accomplishment 
252,256," A heart overflowing with gratitude, a garden where appreciation blooms in the soil of kindness and connection. ",Positive,28-02-2023 09:45, HeartGardener , Facebook , #Grateful #BlossomingConnection ,20,40, USA ,2023,2,28,9, a heart overflowing with gratitude a garden where appreciation blooms in the soil of kindness and connection 
253,257," Extending a hand, empathetic threads weaving a tapestry of understanding, embracing the joys and sorrows of others. ",Positive,03-04-2018 14:15, ThreadWeaver , Instagram , #Empathetic #TapestryOfUnderstanding ,15,30, UK ,2018,4,3,14, extending a hand empathetic threads weaving a tapestry of understanding embracing the joys and sorrows of others 
254,258," Compassionate clouds, heavy with care, showering empathy on the parched grounds of human suffering. ",Neutral,20-06-2022 10:30, CloudCaretaker , Twitter , #Compassionate #ShowerOfEmpathy ,18,36, Australia ,2022,6,20,10, compassionate clouds heavy with care showering empathy on the parched grounds of human suffering 
255,259," Playfully dancing in the rain of laughter, a whimsical spirit twirling in the puddles of joy and lightheartedness. ",Positive,08-07-2020 18:00, RainDancer , Facebook , #Playful #DanceInTheRain ,22,44, Canada ,2020,7,8,18, playfully dancing in the rain of laughter a whimsical spirit twirling in the puddles of joy and lightheartedness 
256,260," Soaring on the wings of a free spirit, unburdened by the chains of conformity, painting the sky with independence. ",Positive,15-08-2021 11:10, SkyPainter , Instagram , #FreeSpirit #PaintingTheSky ,20,40, India ,2021,8,15,11, soaring on the wings of a free spirit unburdened by the chains of conformity painting the sky with independence 
257,261," Bathed in the glow of inspiration, a creative phoenix rising from the ashes of ordinary thoughts to explore new realms. ",Positive,25-10-2019 16:50, PhoenixExplorer , Twitter , #Inspired #CreativePhoenix ,15,30, UK ,2019,10,25,16, bathed in the glow of inspiration a creative phoenix rising from the ashes of ordinary thoughts to explore new realms 
258,262," Navigating the sea of hope, sailing towards the sunrise of possibilities, confident in the ship of positive anticipation. ",Positive,05-10-2023 07:30, SunriseNavigator , Facebook , #Hopeful #SunriseOfPossibilities ,12,24, USA ,2023,10,5,7, navigating the sea of hope sailing towards the sunrise of possibilities confident in the ship of positive anticipation 
259,263," Striding with confidence, footprints of self-assuredness imprinted on the sands of challenges conquered and victories claimed. ",Neutral,15-02-2022 13:15, SandStrider , Instagram , #Confident #FootprintsOfAssuredness ,25,50, Australia ,2022,2,15,13, striding with confidence footprints of selfassuredness imprinted on the sands of challenges conquered and victories claimed 
260,264," Lost in the symphony of the night, a moonlit serenade that whispers tales of wanderlust and moonlit dreams. ",Neutral,08-05-2021 22:00, NightSerenader , Twitter , #Serenity #MoonlitSerenade ,13,26, Canada ,2021,5,8,22, lost in the symphony of the night a moonlit serenade that whispers tales of wanderlust and moonlit dreams 
261,265," Unveiling the layers of curiosity, a labyrinth of questions leading to the treasure troves of undiscovered knowledge. ",Neutral,29-11-2020 14:45, KnowledgeSeeker , Instagram , #Curiosity #LabyrinthOfQuestions ,17,34, USA ,2020,11,29,14, unveiling the layers of curiosity a labyrinth of questions leading to the treasure troves of undiscovered knowledge 
262,266," In the embrace of the autumn breeze, leaves of ambivalence dancing in a waltz between choices and uncertainties. ",Neutral,14-09-2019 10:20, BreezeWaltzer , Facebook , #Ambivalence #AutumnWaltz ,14,28, UK ,2019,9,14,10, in the embrace of the autumn breeze leaves of ambivalence dancing in a waltz between choices and uncertainties 
263,267," Gratitude as a guiding star, navigating the constellation of blessings in the vast universe of life's precious moments. ",Positive,12-03-2022 19:55, StarNavigator , Twitter , #Grateful #GuidingStar ,19,38, Australia ,2022,3,12,19, gratitude as a guiding star navigating the constellation of blessings in the vast universe of lifes precious moments 
264,268," With a zestful heart, sprinting through fields of enthusiasm, chasing sunbeams and laughter in the meadows of joy. ",Positive,30-03-2023 16:30, MeadowSprinter , Instagram , #Zest #FieldsOfEnthusiasm ,16,32, India ,2023,3,30,16, with a zestful heart sprinting through fields of enthusiasm chasing sunbeams and laughter in the meadows of joy 
265,269," A compassionate rain, tears of empathy falling gently, nurturing the seeds of kindness in the garden of human connections. ",Positive,01-07-2021 12:10, RainNurturer , Facebook , #Compassionate #TearsOfEmpathy ,21,42, Canada ,2021,7,1,12, a compassionate rain tears of empathy falling gently nurturing the seeds of kindness in the garden of human connections 
266,270," Proudly scaling the peaks of achievement, a mountaineer conquering challenges and planting the flag of success. ",Positive,05-01-2020 08:45, PeakConqueror , Twitter , #Proud #ScalingPeaks ,23,46, USA ,2020,1,5,8, proudly scaling the peaks of achievement a mountaineer conquering challenges and planting the flag of success 
267,271," Embraced by the hopeful dawn, a gardener sowing seeds of optimism, tending to the blooms of a brighter tomorrow. ",Positive,17-07-2022 06:15, DawnGardener , Instagram , #Hopeful #SeedsOfOptimism ,14,28, UK ,2022,7,17,6, embraced by the hopeful dawn a gardener sowing seeds of optimism tending to the blooms of a brighter tomorrow 
268,272," A playful escapade in the carnival of life, carousel laughter and cotton candy dreams swirling in the joyous atmosphere. ",Positive,22-08-2018 17:20, CarnivalDreamer , Facebook , #Playful #CarnivalEscapade ,24,48, Australia ,2018,8,22,17, a playful escapade in the carnival of life carousel laughter and cotton candy dreams swirling in the joyous atmosphere 
269,273," Floating on clouds of inspiration, an artist painting the sky with strokes of creativity, creating a masterpiece of dreams. ",Positive,08-12-2021 14:30, SkyArtist , Twitter , #Inspired #CloudsOfCreativity ,18,36, India ,2021,12,8,14, floating on clouds of inspiration an artist painting the sky with strokes of creativity creating a masterpiece of dreams 
270,274," Navigating the river of contentment, a serene boat cruise through the tranquil waters of inner peace and acceptance. ",Positive,27-04-2019 09:50, RiverNavigator , Instagram , #Contentment #TranquilWaters ,20,40, Canada ,2019,4,27,9, navigating the river of contentment a serene boat cruise through the tranquil waters of inner peace and acceptance 
271,275," With empathy as a lantern, wandering through the dark alleys of sorrow, illuminating the path with compassion and care. ",Neutral,03-09-2023 21:40, LanternWanderer , Facebook , #Empathetic #LanternOfCompassion ,16,32, USA ,2023,9,3,21, with empathy as a lantern wandering through the dark alleys of sorrow illuminating the path with compassion and care 
272,276," A free spirit soaring on the wings of dreams, leaving trails of independence in the azure sky of boundless possibilities. ",Positive,10-06-2020 10:05, DreamSoarer , Twitter , #FreeSpirit #WingsOfDreams ,22,44, UK ,2020,6,10,10, a free spirit soaring on the wings of dreams leaving trails of independence in the azure sky of boundless possibilities 
273,277," Bathed in the golden hues of gratefulness, a sunset of appreciation casting its warm glow on the landscapes of the heart. ",Positive,01-04-2022 18:30, SunsetAdmirer , Instagram , #Grateful #GoldenHues ,19,38, Australia ,2022,4,1,18, bathed in the golden hues of gratefulness a sunset of appreciation casting its warm glow on the landscapes of the heart 
274,278," Confident strides in the dance of life, a ballroom where self-assuredness leads, twirling through challenges with grace. ",Positive,15-01-2021 13:00, DanceStrider , Facebook , #Confident #DanceOfLife ,23,46, Canada ,2021,1,15,13, confident strides in the dance of life a ballroom where selfassuredness leads twirling through challenges with grace 
275,279," Hopeful whispers of wind, carrying the promises of a brighter tomorrow, a symphony of optimism in the air of possibilities. ",Positive,06-05-2023 07:20, WindWhisperer , Twitter , #Hopeful #BrighterTomorrows ,15,30, India ,2023,5,6,7, hopeful whispers of wind carrying the promises of a brighter tomorrow a symphony of optimism in the air of possibilities 
276,280," Playfully juggling responsibilities, a circus performer balancing the acts of work and joy, tossing laughter into the air. ",Positive,18-11-2019 15:15, JugglingArtist , Instagram , #Playful #JugglingResponsibilities ,25,50, USA ,2019,11,18,15, playfully juggling responsibilities a circus performer balancing the acts of work and joy tossing laughter into the air 
277,281," Whispering tales of inspiration to the stars, a storyteller crafting constellations from the threads of imagination. ",Neutral,29-08-2020 20:45, StarStoryteller , Facebook , #Inspired #TalesToTheStars ,14,28, UK ,2020,8,29,20, whispering tales of inspiration to the stars a storyteller crafting constellations from the threads of imagination 
278,282," Charting a course through the waves of hopeful anticipation, a sailor steering towards the shores of dreams yet unexplored. ",Neutral,30-10-2022 11:40, WaveNavigator , Twitter , #Hopeful #SailorOfDreams ,17,34, Australia ,2022,10,30,11, charting a course through the waves of hopeful anticipation a sailor steering towards the shores of dreams yet unexplored 
279,283," A compassionate rain, tears of empathy falling gently, nurturing the seeds of kindness in the garden of human connections. ",Positive,01-07-2021 12:10, RainNurturer , Instagram , #Compassionate #TearsOfEmpathy ,21,42, Canada ,2021,7,1,12, a compassionate rain tears of empathy falling gently nurturing the seeds of kindness in the garden of human connections 
280,284," Proudly scaling the peaks of achievement, a mountaineer conquering challenges and planting the flag of success. ",Positive,05-01-2020 08:45, PeakConqueror , Twitter , #Proud #ScalingPeaks ,23,46, USA ,2020,1,5,8, proudly scaling the peaks of achievement a mountaineer conquering challenges and planting the flag of success 
281,285," Embraced by the hopeful dawn, a gardener sowing seeds of optimism, tending to the blooms of a brighter tomorrow. ",Positive,17-07-2022 06:15, DawnGardener , Instagram , #Hopeful #SeedsOfOptimism ,14,28, UK ,2022,7,17,6, embraced by the hopeful dawn a gardener sowing seeds of optimism tending to the blooms of a brighter tomorrow 
282,286," A playful escapade in the carnival of life, carousel laughter and cotton candy dreams swirling in the joyous atmosphere. ",Positive,22-08-2018 17:20, CarnivalDreamer , Facebook , #Playful #CarnivalEscapade ,24,48, Australia ,2018,8,22,17, a playful escapade in the carnival of life carousel laughter and cotton candy dreams swirling in the joyous atmosphere 
283,287," Floating on clouds of inspiration, an artist painting the sky with strokes of creativity, creating a masterpiece of dreams. ",Positive,08-12-2021 14:30, SkyArtist , Twitter , #Inspired #CloudsOfCreativity ,18,36, India ,2021,12,8,14, floating on clouds of inspiration an artist painting the sky with strokes of creativity creating a masterpiece of dreams 
284,288," Navigating the river of contentment, a serene boat cruise through the tranquil waters of inner peace and acceptance. ",Positive,27-04-2019 09:50, RiverNavigator , Instagram , #Contentment #TranquilWaters ,20,40, Canada ,2019,4,27,9, navigating the river of contentment a serene boat cruise through the tranquil waters of inner peace and acceptance 
285,289," With empathy as a lantern, wandering through the dark alleys of sorrow, illuminating the path with compassion and care. ",Neutral,03-09-2023 21:40, LanternWanderer , Facebook , #Empathetic #LanternOfCompassion ,16,32, USA ,2023,9,3,21, with empathy as a lantern wandering through the dark alleys of sorrow illuminating the path with compassion and care 
286,290," A free spirit soaring on the wings of dreams, leaving trails of independence in the azure sky of boundless possibilities. ",Positive,10-06-2020 10:05, DreamSoarer , Twitter , #FreeSpirit #WingsOfDreams ,22,44, UK ,2020,6,10,10, a free spirit soaring on the wings of dreams leaving trails of independence in the azure sky of boundless possibilities 
287,291," Bathed in the golden hues of gratefulness, a sunset of appreciation casting its warm glow on the landscapes of the heart. ",Positive,01-04-2022 18:30, SunsetAdmirer , Instagram , #Grateful #GoldenHues ,19,38, Australia ,2022,4,1,18, bathed in the golden hues of gratefulness a sunset of appreciation casting its warm glow on the landscapes of the heart 
288,292," Confident strides in the dance of life, a ballroom where self-assuredness leads, twirling through challenges with grace. ",Positive,15-01-2021 13:00, DanceStrider , Facebook , #Confident #DanceOfLife ,23,46, Canada ,2021,1,15,13, confident strides in the dance of life a ballroom where selfassuredness leads twirling through challenges with grace 
289,293," Hopeful whispers of wind, carrying the promises of a brighter tomorrow, a symphony of optimism in the air of possibilities. ",Positive,06-05-2023 07:20, WindWhisperer , Twitter , #Hopeful #BrighterTomorrows ,15,30, India ,2023,5,6,7, hopeful whispers of wind carrying the promises of a brighter tomorrow a symphony of optimism in the air of possibilities 
290,294," Playfully juggling responsibilities, a circus performer balancing the acts of work and joy, tossing laughter into the air. ",Positive,18-11-2019 15:15, JugglingArtist , Instagram , #Playful #JugglingResponsibilities ,25,50, USA ,2019,11,18,15, playfully juggling responsibilities a circus performer balancing the acts of work and joy tossing laughter into the air 
291,295," Whispering tales of inspiration to the stars, a storyteller crafting constellations from the threads of imagination. ",Neutral,29-08-2020 20:45, StarStoryteller , Facebook , #Inspired #TalesToTheStars ,14,28, UK ,2020,8,29,20, whispering tales of inspiration to the stars a storyteller crafting constellations from the threads of imagination 
292,296," Charting a course through the waves of hopeful anticipation, a sailor steering towards the shores of dreams yet unexplored. ",Neutral,30-10-2022 11:40, WaveNavigator , Twitter , #Hopeful #SailorOfDreams ,17,34, Australia ,2022,10,30,11, charting a course through the waves of hopeful anticipation a sailor steering towards the shores of dreams yet unexplored 
293,297," A compassionate rain, tears of empathy falling gently, nurturing the seeds of kindness in the garden of human connections. ",Positive,01-07-2021 12:10, RainNurturer , Instagram , #Compassionate #TearsOfEmpathy ,21,42, Canada ,2021,7,1,12, a compassionate rain tears of empathy falling gently nurturing the seeds of kindness in the garden of human connections 
294,298," Proudly scaling the peaks of achievement, a mountaineer conquering challenges and planting the flag of success. ",Positive,05-01-2020 08:45, PeakConqueror , Twitter , #Proud #ScalingPeaks ,23,46, USA ,2020,1,5,8, proudly scaling the peaks of achievement a mountaineer conquering challenges and planting the flag of success 
295,299," Embraced by the hopeful dawn, a gardener sowing seeds of optimism, tending to the blooms of a brighter tomorrow. ",Positive,17-07-2022 06:15, DawnGardener , Instagram , #Hopeful #SeedsOfOptimism ,14,28, India ,2022,7,17,6, embraced by the hopeful dawn a gardener sowing seeds of optimism tending to the blooms of a brighter tomorrow 
296,300," A playful escapade in the carnival of life, carousel laughter and cotton candy dreams swirling in the joyous atmosphere. ",Positive,22-08-2018 17:20, CarnivalDreamer , Facebook , #Playful #CarnivalEscapade ,24,48, Australia ,2018,8,22,17, a playful escapade in the carnival of life carousel laughter and cotton candy dreams swirling in the joyous atmosphere 
297,301," Drowning in the abyss of despair, a heart shattered into fragments, lost in the echoing silence of hopelessness. ",Negative,15-09-2021 16:00, ShatteredHeart , Instagram , #Despair #EchoingSilence ,8,16, Canada ,2021,9,15,16, drowning in the abyss of despair a heart shattered into fragments lost in the echoing silence of hopelessness 
298,302," Bitterness festering like a venomous vine, entwining the soul in a web of resentment, poisoning the garden of peace. ",Negative,08-03-2019 14:20, VenomousSoul , Facebook , #Bitterness #ResentmentWeb ,12,24, UK ,2019,3,8,14, bitterness festering like a venomous vine entwining the soul in a web of resentment poisoning the garden of peace 
299,303," Wandering through the desert of loneliness, each step a heavy sigh, mirages of connection shimmering but never materializing. ",Neutral,20-07-2017 11:45, DesertWanderer , Twitter , #Loneliness #MiragesOfConnection ,15,30, USA ,2017,7,20,11, wandering through the desert of loneliness each step a heavy sigh mirages of connection shimmering but never materializing 
300,304," Yearning for a touch that's not there, echoes of a distant warmth haunting the heart in the cold embrace of solitude. ",Neutral,02-11-2020 19:30, ColdEmbrace , Instagram , #Yearning #DistantWarmth ,10,20, Australia ,2020,11,2,19, yearning for a touch thats not there echoes of a distant warmth haunting the heart in the cold embrace of solitude 
301,305," Eyes wide open in the night, fearful shadows dancing on the walls, the mind a prisoner of imagined horrors. ",Neutral,12-05-2022 02:00, NightPrisoner , Facebook , #Fearful #ImaginedHorrors ,18,36, India ,2022,5,12,2, eyes wide open in the night fearful shadows dancing on the walls the mind a prisoner of imagined horrors 
302,306," Apprehensive steps on the tightrope of uncertainty, a balancing act where the fall seems inevitable, anxiety a constant companion. ",Neutral,08-04-2023 13:15, TightropeWalker , Twitter , #Apprehensive #BalancingAct ,14,28, UK ,2023,4,8,13, apprehensive steps on the tightrope of uncertainty a balancing act where the fall seems inevitable anxiety a constant companion 
303,307," Overwhelmed by the weight of the world, Atlas with trembling shoulders, each responsibility a boulder in the landscape of exhaustion. ",Neutral,25-06-2021 17:50, AtlasBearer , Instagram , #Overwhelmed #BouldersOfExhaustion ,22,44, Canada ,2021,6,25,17, overwhelmed by the weight of the world atlas with trembling shoulders each responsibility a boulder in the landscape of exhaustion 
304,308," Jealousy, a green-eyed monster, lurking in the shadows, casting a dark cloud over the sunshine of others' success. ",Negative,30-08-2019 10:10, GreenMonster , Facebook , #Jealous #GreenEyedMonster ,16,32, USA ,2019,8,30,10, jealousy a greeneyed monster lurking in the shadows casting a dark cloud over the sunshine of others success 
305,309," Devastated by the storm of betrayal, the wreckage of trust scattered like debris, a heart torn by the winds of broken promises. ",Negative,03-08-2022 15:30, StormSurvivor , Twitter , #Devastated #WindsOfBrokenPromises ,25,50, Australia ,2022,8,3,15, devastated by the storm of betrayal the wreckage of trust scattered like debris a heart torn by the winds of broken promises 
306,310," Frustrated fingers tapping on the keyboard, a symphony of annoyance composing an unsolvable puzzle of unmet expectations. ",Negative,17-12-2020 09:20, PuzzleComposer , Instagram , #Frustrated #UnsolvablePuzzle ,12,24, India ,2020,12,17,9, frustrated fingers tapping on the keyboard a symphony of annoyance composing an unsolvable puzzle of unmet expectations 
307,311," Envious eyes fixated on the gilded prize, a heartache fueled by the painful desire for possessions that seem forever out of reach. ",Negative,28-02-2021 22:45, GildedHeartache , Facebook , #Envious #GildedPrize ,20,40, USA ,2021,2,28,22, envious eyes fixated on the gilded prize a heartache fueled by the painful desire for possessions that seem forever out of reach 
308,312," Dismissive glances, a fortress built with indifference, walls impenetrable to the pleas of understanding and recognition. ",Negative,10-05-2018 14:00, IndifferentFort , Twitter , #Dismissive #ImpenetrableWalls ,14,28, UK ,2018,5,10,14, dismissive glances a fortress built with indifference walls impenetrable to the pleas of understanding and recognition 
309,313," Shattered dreams lie on the floor like fragments of glass, a mosaic of disappointment crafted by the hands of frustration. ",Negative,07-01-2022 11:10, DreamMosaic , Instagram , #Frustrated #MosaicOfDisappointment ,15,30, Canada ,2022,1,7,11, shattered dreams lie on the floor like fragments of glass a mosaic of disappointment crafted by the hands of frustration 
310,314," Loneliness, a silent companion in the night, the only echo in the chamber of solitude, a heart's solitary nocturne. ",Neutral,19-09-2019 03:30, NocturnalEcho , Facebook , #Loneliness #SolitaryNocturne ,18,36, Australia ,2019,9,19,3, loneliness a silent companion in the night the only echo in the chamber of solitude a hearts solitary nocturne 
311,315," Fearful whispers in the dark, the mind haunted by the specter of the unknown, shadows dancing to the rhythm of anxiety's tune. ",Neutral,14-07-2023 23:00, DarkWhispers , Twitter , #Fearful #SpecterOfTheUnknown ,13,26, UK ,2023,7,14,23, fearful whispers in the dark the mind haunted by the specter of the unknown shadows dancing to the rhythm of anxietys tune 
312,316," Bitterness, a bitter aftertaste lingering on the tongue, each word a reminder of wounds that refuse to heal with the passing of time. ",Negative,05-04-2020 16:20, LingeringTaste , Instagram , #Bitterness #BitterAftertaste ,10,20, India ,2020,4,5,16, bitterness a bitter aftertaste lingering on the tongue each word a reminder of wounds that refuse to heal with the passing of time 
313,317," Overwhelmed by the cacophony of expectations, a drowning soul in the tempest of pressure, struggling to stay afloat. ",Negative,29-11-2021 08:45, TempestSurvivor , Facebook , #Overwhelmed #DrowningSoul ,20,40, USA ,2021,11,29,8, overwhelmed by the cacophony of expectations a drowning soul in the tempest of pressure struggling to stay afloat 
314,318," Jealousy, a venom that seeps through the veins, poisoning the heart and turning it into a breeding ground for discontent. ",Negative,12-12-2019 17:00, VenomousHeart , Twitter , #Jealous #HeartOfDiscontent ,16,32, Australia ,2019,12,12,17, jealousy a venom that seeps through the veins poisoning the heart and turning it into a breeding ground for discontent 
315,319," Devastated by the revelation of betrayal, the trust shattered like fragile glass, leaving shards of pain in its wake. ",Negative,20-05-2022 14:50, FragileTrust , Instagram , #Devastated #ShatteredTrust ,25,50, Canada ,2022,5,20,14, devastated by the revelation of betrayal the trust shattered like fragile glass leaving shards of pain in its wake 
316,320," Frustrated attempts to mend a broken connection, the threads of understanding slipping through the fingers like grains of sand. ",Negative,03-09-2020 12:15, BrokenThreads , Facebook , #Frustrated #SlippingThreads ,14,28, UK ,2020,9,3,12, frustrated attempts to mend a broken connection the threads of understanding slipping through the fingers like grains of sand 
317,321," Envious gazes cast upon the podium of success, a bitter pill swallowed, the taste lingering as a constant reminder of unattained heights. ",Neutral,10-02-2021 19:30, SuccessPill , Twitter , #Envious #BitterPill ,20,40, USA ,2021,2,10,19, envious gazes cast upon the podium of success a bitter pill swallowed the taste lingering as a constant reminder of unattained heights 
318,322," Dismissive gestures, a curtain drawn to shield the vulnerability, a stage where emotions take a backseat to the performance of indifference. ",Neutral,18-08-2018 14:40, CurtainShield , Instagram , #Dismissive #IndifferencePerformance ,12,24, Australia ,2018,8,18,14, dismissive gestures a curtain drawn to shield the vulnerability a stage where emotions take a backseat to the performance of indifference 
319,323," Despair like a heavy fog, enveloping every thought, blurring the path ahead, a journey in the labyrinth of utter hopelessness. ",Negative,28-02-2022 21:00, FoggyLabyrinth , Facebook , #Despair #LabyrinthOfHopelessness ,8,16, Canada ,2022,2,28,21, despair like a heavy fog enveloping every thought blurring the path ahead a journey in the labyrinth of utter hopelessness 
320,324," Bitterness, a bitter chill in the air, freezing moments into icicles of resentment that dangle precariously over the landscape of memory. ",Negative,15-10-2019 10:30, IcyResentment , Twitter , #Bitterness #IciclesOfResentment ,15,30, UK ,2019,10,15,10, bitterness a bitter chill in the air freezing moments into icicles of resentment that dangle precariously over the landscape of memory 
321,325," Loneliness, a solitary moon in a starless sky, casting a cold glow on the landscape of isolation, where echoes bounce in empty spaces. ",Neutral,01-12-2017 18:50, SolitaryMoon , Instagram , #Loneliness #StarlessSky ,18,36, USA ,2017,12,1,18, loneliness a solitary moon in a starless sky casting a cold glow on the landscape of isolation where echoes bounce in empty spaces 
322,326," Yearning for the warmth of a vanished sun, a heartache painted in the hues of a sunset that never graced the horizon. ",Neutral,18-04-2020 16:15, VanishedSunset , Facebook , #Yearning #HuesOfSunset ,10,20, Australia ,2020,4,18,16, yearning for the warmth of a vanished sun a heartache painted in the hues of a sunset that never graced the horizon 
323,327," Fearful eyes scanning the shadows, a prisoner of the night, terrorized by the lurking monsters born from the mind's darkest corners. ",Negative,07-01-2023 03:30, NightPrisoner , Twitter , #Fearful #LurkingMonsters ,18,36, India ,2023,1,7,3, fearful eyes scanning the shadows a prisoner of the night terrorized by the lurking monsters born from the minds darkest corners 
324,328," Apprehensive whispers in the wind, a forecast of uncertainty, the mind's weather vane spinning wildly in the storm of doubt. ",Neutral,10-06-2021 10:00, WindWhisperer , Instagram , #Apprehensive #StormOfDoubt ,14,28, Canada ,2021,6,10,10, apprehensive whispers in the wind a forecast of uncertainty the minds weather vane spinning wildly in the storm of doubt 
325,329," Overwhelmed by the maze of expectations, a minotaur of pressure lurking in the labyrinth, waiting to devour the spirit of resilience. ",Negative,22-02-2020 15:20, MazeExplorer , Facebook , #Overwhelmed #MinotaurOfPressure ,22,44, USA ,2020,2,22,15, overwhelmed by the maze of expectations a minotaur of pressure lurking in the labyrinth waiting to devour the spirit of resilience 
326,330," Jealousy, a festering wound, the pain intensifying with each glance at the garden of others' achievements, blooming beyond the fence. ",Negative,17-03-2018 14:45, WoundedGarden , Twitter , #Jealous #BloomingAchievements ,16,32, UK ,2018,3,17,14, jealousy a festering wound the pain intensifying with each glance at the garden of others achievements blooming beyond the fence 
327,331," Devastated, a heart in ruins, the echoes of shattered dreams reverberating in the chambers, a requiem for what once was whole. ",Negative,28-10-2022 11:15, RuinedHeart , Instagram , #Devastated #EchoesOfShatteredDreams ,25,50, Australia ,2022,10,28,11, devastated a heart in ruins the echoes of shattered dreams reverberating in the chambers a requiem for what once was whole 
328,332," Frustrated attempts to untangle the knot of confusion, the threads of understanding slipping further into the labyrinth of miscommunication. ",Negative,01-11-2020 12:30, KnotUntangler , Facebook , #Frustrated #LabyrinthOfMiscommunication ,14,28, India ,2020,11,1,12, frustrated attempts to untangle the knot of confusion the threads of understanding slipping further into the labyrinth of miscommunication 
329,333," Envious eyes locked on the treasure chest of opportunities, a heartache fueled by the desire for keys that seem forever elusive. ",Neutral,15-01-2021 22:10, ElusiveKeys , Twitter , #Envious #DesireForKeys ,20,40, USA ,2021,1,15,22, envious eyes locked on the treasure chest of opportunities a heartache fueled by the desire for keys that seem forever elusive 
330,334," Dismissive gestures, a curtain drawn to shield the vulnerability, a stage where emotions take a backseat to the performance of indifference. ",Neutral,18-08-2018 14:00, IndifferentFort , Instagram , #Dismissive #IndifferencePerformance ,12,24, Australia ,2018,8,18,14, dismissive gestures a curtain drawn to shield the vulnerability a stage where emotions take a backseat to the performance of indifference 
331,335," Shattered dreams lie on the floor like fragments of glass, a mosaic of disappointment crafted by the hands of frustration. ",Negative,07-01-2022 11:10, DreamMosaic , Twitter , #Frustrated #MosaicOfDisappointment ,15,30, Canada ,2022,1,7,11, shattered dreams lie on the floor like fragments of glass a mosaic of disappointment crafted by the hands of frustration 
332,336," Loneliness, a silent companion in the night, the only echo in the chamber of solitude, a heart's solitary nocturne. ",Neutral,19-09-2019 03:30, NocturnalEcho , Facebook , #Loneliness #SolitaryNocturne ,18,36, Australia ,2019,9,19,3, loneliness a silent companion in the night the only echo in the chamber of solitude a hearts solitary nocturne 
333,337,Awe-struck by the breathtaking sunrise over the mountains.      ,Positive,03-04-2022 06:15, NatureAdmirer  , Instagram , #Awe #BreathtakingSunrise                   ,28,55, USA               ,2022,4,3,6,awestruck by the breathtaking sunrise over the mountains      
334,338,Navigating through the challenges with determination.          ,Neutral,12-10-2023 10:30, GoalPursuer    , Twitter  , #Determination #Challenges                  ,15,30, Canada            ,2023,10,12,10,navigating through the challenges with determination          
335,339,Nostalgia hits while flipping through an old photo album.     ,Neutral,28-06-2019 19:00, MemoryLane     , Facebook , #Nostalgia #OldMemories                     ,22,45, UK                ,2019,6,28,19,nostalgia hits while flipping through an old photo album     
336,340,Thrilled to witness the grandeur of a cultural festival.       ,Positive,15-09-2020 14:45, CultureEnthusiast , Instagram , #Thrill #CulturalCelebration              ,40,80, India              ,2020,9,15,14,thrilled to witness the grandeur of a cultural festival       
337,341,Calmness found in the rhythm of raindrops on the windowpane.   ,Positive,08-11-2017 21:20, RainWatcher    , Twitter  , #Calmness #RainyDays                        ,18,35, Australia          ,2017,11,8,21,calmness found in the rhythm of raindrops on the windowpane   
338,342,Overwhelmed by the support received during a personal challenge.,Neutral,20-05-2021 17:30, PersonalJourney , Facebook , #Overwhelmed #SupportiveCommunity          ,25,50, USA               ,2021,5,20,17,overwhelmed by the support received during a personal challenge
339,343,Excitement builds as the countdown to a long-awaited vacation begins. ,Positive,10-01-2023 12:00, VacationDreamer , Instagram , #Excitement #VacationCountdown        ,30,60, France            ,2023,1,10,12,excitement builds as the countdown to a longawaited vacation begins 
340,344,"Reflecting on life's journey, grateful for the lessons learned. ",Positive,05-12-2018 08:45, LifeLearner   , Twitter  , #Gratitude #LifeLessons                    ,35,70, Brazil            ,2018,12,5,8,reflecting on lifes journey grateful for the lessons learned 
341,345,Bittersweet emotions arise while bidding farewell to a dear friend. ,Neutral,15-03-2020 18:30, FarewellSender , Instagram , #Bittersweet #Farewell                     ,20,40, Japan             ,2020,3,15,18,bittersweet emotions arise while bidding farewell to a dear friend 
342,346,Curiosity sparked by exploring a mysterious ancient ruin.      ,Neutral,22-08-2016 15:10, HistoryExplorer , Facebook , #Curiosity #AncientDiscovery          ,18,35, Greece            ,2016,8,22,15,curiosity sparked by exploring a mysterious ancient ruin      
343,347,Admiration for the intricate details of a handcrafted masterpiece. ,Positive,20-08-2019 16:00, CraftEnthusiast , Instagram , #Admiration #HandcraftedArt               ,25,50, USA               ,2019,8,20,16,admiration for the intricate details of a handcrafted masterpiece 
344,348,Overjoyed by the warmth of a cozy fireplace on a winter evening.   ,Positive,08-12-2021 19:30, WinterLover     , Twitter  , #Overjoyed #WinterWarmth                  ,18,35, Canada            ,2021,12,8,19,overjoyed by the warmth of a cozy fireplace on a winter evening   
345,349,Inspiration strikes while observing the colors of a vibrant sunset.,Positive,10-06-2020 20:45, SunsetWatcher   , Instagram , #Inspiration #ColorfulSunset             ,30,60, UK                ,2020,6,10,20,inspiration strikes while observing the colors of a vibrant sunset
346,350,Motivated to achieve fitness goals after an invigorating workout.  ,Positive,28-02-2022 07:15, FitnessJunkie   , Facebook , #Motivation #FitnessGoals                 ,40,80, Australia          ,2022,2,28,7,motivated to achieve fitness goals after an invigorating workout  
347,351,Gratitude for the simple joys found in a cup of morning coffee.    ,Positive,15-04-2017 08:00, CoffeeLover     , Twitter  , #Gratitude #MorningCoffee                 ,22,45, India             ,2017,4,15,8,gratitude for the simple joys found in a cup of morning coffee    
348,352,Feeling empowered after conquering a challenging hiking trail.     ,Positive,05-09-2018 14:20, HikingExplorer  , Instagram , #Empowerment #HikingAdventure             ,35,70, USA               ,2018,9,5,14,feeling empowered after conquering a challenging hiking trail     
349,353,Amused by the antics of playful kittens during playtime.           ,Negative,22-10-2022 12:45, KittyObserver   , Facebook , #Amusement #PlayfulKittens               ,15,30, Canada            ,2022,10,22,12,amused by the antics of playful kittens during playtime           
350,354,Contemplating life's mysteries under the starry night sky.         ,Neutral,02-07-2016 23:30, Stargazer       , Twitter  , #Contemplation #StarryNight               ,28,55, UK                ,2016,7,2,23,contemplating lifes mysteries under the starry night sky         
351,355,Joyful reunion with long-lost friends after years of separation.   ,Positive,18-11-2020 17:10, FriendshipRenewal , Instagram , #JoyfulReunion #Friendship               ,20,40, India             ,2020,11,18,17,joyful reunion with longlost friends after years of separation   
352,356,Excitement builds while preparing for a surprise celebration.     ,Positive,05-03-2023 15:00, CelebrationPlanner , Facebook , #Excitement #SurpriseCelebration         ,30,60, Australia          ,2023,3,5,15,excitement builds while preparing for a surprise celebration     
353,357,Satisfaction derived from successfully completing a DIY project.  ,Positive,01-12-2015 11:30, DIYEnthusiast   , Twitter  , #Satisfaction #DIYProject                 ,25,50, USA               ,2015,12,1,11,satisfaction derived from successfully completing a diy project  
354,358,Feeling blessed for the supportive community in times of need.    ,Positive,10-09-2021 09:45, CommunityHelper , Instagram , #Blessed #SupportiveCommunity            ,18,35, UK                ,2021,9,10,9,feeling blessed for the supportive community in times of need    
355,359,Captivated by the serenity of a tranquil garden in full bloom.     ,Positive,12-05-2018 14:20, GardenEnthusiast , Facebook , #Serenity #TranquilGarden                ,22,45, Canada            ,2018,5,12,14,captivated by the serenity of a tranquil garden in full bloom     
356,360,Anticipation for an upcoming adventure in an exotic destination.   ,Positive,25-07-2022 10:00, Wanderlust      , Twitter  , #Anticipation #AdventureAwaits           ,40,80, India             ,2022,7,25,10,anticipation for an upcoming adventure in an exotic destination   
357,361,Reflecting on personal growth achieved through life experiences.  ,Positive,08-03-2019 18:30, GrowthSeeker    , Instagram , #Reflection #PersonalGrowth              ,35,70, USA               ,2019,3,8,18,reflecting on personal growth achieved through life experiences  
358,362,Nostalgic memories flood in while revisiting childhood favorites. ,Positive,28-01-2017 21:15, ChildhoodMemories , Facebook , #Nostalgia #ChildhoodFavorites           ,20,40, Australia          ,2017,1,28,21,nostalgic memories flood in while revisiting childhood favorites 
359,363,Appreciation for the vibrant culture experienced during travel.   ,Positive,14-11-2016 13:45, CultureExplorer , Twitter  , #Appreciation #CulturalExperience        ,28,55, UK                ,2016,11,14,13,appreciation for the vibrant culture experienced during travel   
360,364,Confidence soars after overcoming public speaking anxiety.       ,Positive,02-04-2020 17:30, PublicSpeaker   , Instagram , #Confidence #OvercomingAnxiety          ,15,30, USA               ,2020,4,2,17,confidence soars after overcoming public speaking anxiety       
361,365,Contentment in the midst of a family gathering filled with laughter. ,Positive,15-01-2023 19:00, FamilyCelebration , Facebook , #Contentment #FamilyLaughter             ,25,50, Canada            ,2023,1,15,19,contentment in the midst of a family gathering filled with laughter 
362,366,Enthusiasm for learning new skills and expanding knowledge.      ,Positive,07-08-2018 12:15, LifelongLearner , Twitter  , #Enthusiasm #SkillBuilding               ,30,60, India             ,2018,8,7,12,enthusiasm for learning new skills and expanding knowledge      
363,367,Surprise and delight at discovering a hidden gem in the city.    ,Positive,18-10-2019 16:45, CityExplorer    , Instagram , #Surprise #HiddenGem                      ,18,35, UK                ,2019,10,18,16,surprise and delight at discovering a hidden gem in the city    
364,368,A sense of accomplishment after completing a challenging workout.,Positive,30-06-2022 07:00, FitnessAchiever , Facebook , #Accomplishment #FitnessSuccess         ,22,45, Australia          ,2022,6,30,7,a sense of accomplishment after completing a challenging workout
365,369,Wonderment at the beauty of a double rainbow after the rain.     ,Positive,12-06-2017 18:20, RainbowChaser   , Twitter  , #Wonderment #DoubleRainbow               ,35,70, USA               ,2017,6,12,18,wonderment at the beauty of a double rainbow after the rain     
366,370,Optimism for a bright future amidst challenging times.           ,Positive,05-07-2021 09:30, FutureOptimist  , Instagram , #Optimism #BrightFuture                  ,20,40, Canada            ,2021,7,5,9,optimism for a bright future amidst challenging times           
367,371,Pride in achieving a personal milestone in career progression.   ,Positive,15-04-2016 14:50, CareerAchiever  , Facebook , #Pride #CareerMilestone                  ,28,55, UK                ,2016,4,15,14,pride in achieving a personal milestone in career progression   
368,372,Happiness blooms like flowers in a garden on a sunny day.        ,Positive,10-02-2020 11:15, SunnyDayEnthusiast , Twitter  , #Happiness #SunnyDay                      ,15,30, India             ,2020,2,10,11,happiness blooms like flowers in a garden on a sunny day        
369,373,Elation over discovering a rare book in a quaint bookstore.      ,Positive,22-09-2018 16:30, Bookworm        , Instagram , #Elation #RareBookDiscovery              ,40,80, USA               ,2018,9,22,16,elation over discovering a rare book in a quaint bookstore      
370,374,Curiosity piqued by the mysteries of an ancient archaeological site.,Neutral,08-11-2015 10:00, ArchaeologyEnthusiast , Facebook , #Curiosity #AncientMysteries            ,18,35, Australia          ,2015,11,8,10,curiosity piqued by the mysteries of an ancient archaeological site
371,375,Mesmerized by the cosmic dance of fireflies on a moonlit night.    ,Positive,10-08-2022 22:00, NightSkyObserver , Instagram , #Enchantment #CosmicFireflies             ,25,50, Brazil           ,2022,8,10,22,mesmerized by the cosmic dance of fireflies on a moonlit night    
372,376,Intrigued by the symphony of colors in an abstract art exhibition. ,Positive,05-04-2019 17:30, ArtConnoisseur  , Twitter  , #Intrigue #AbstractArt                   ,18,35, France           ,2019,4,5,17,intrigued by the symphony of colors in an abstract art exhibition 
373,377,Giggles and joy echo in the air during a children's playdate.      ,Positive,15-12-2020 15:45, PlayfulParent   , Facebook , #PlayfulJoy #ChildrensPlaydate           ,22,45, Japan            ,2020,12,15,15,giggles and joy echo in the air during a childrens playdate      
374,378,Enveloped in serenity while practicing mindfulness by the lake.    ,Positive,20-10-2017 08:15, ZenSeeker       , Instagram , #Mindfulness #LakeTranquility            ,35,70, Canada           ,2017,10,20,8,enveloped in serenity while practicing mindfulness by the lake    
375,379,Chasing dreams like a kite soaring high in the vast open sky.      ,Positive,28-02-2021 13:00, SkyDreamer      , Twitter  , #DreamChaser #SkyHighDreams              ,30,60, Australia         ,2021,2,28,13,chasing dreams like a kite soaring high in the vast open sky      
376,380,Spellbound by the elegance of a ballroom dance under crystal chandeliers. ,Positive,12-06-2018 20:30, DanceEnthusiast , Facebook , #Elegance #BallroomDance                ,28,55, UK               ,2018,6,12,20,spellbound by the elegance of a ballroom dance under crystal chandeliers 
377,381,Whimsical delight in a world of fairy tales and magical creatures.  ,Positive,08-03-2016 14:20, FairyTaleExplorer , Instagram , #Whimsy #MagicalWorld                    ,20,40, USA             ,2016,3,8,14,whimsical delight in a world of fairy tales and magical creatures  
378,382,Pensive contemplation amid the ancient ruins of a forgotten civilization. ,Neutral,18-04-2023 17:10, RuinsExplorer   , Twitter  , #Pensive #AncientCivilization           ,18,35, Greece           ,2023,4,18,17,pensive contemplation amid the ancient ruins of a forgotten civilization 
379,383,Embracing the thrill of speed on a rollercoaster's exhilarating twists. ,Positive,25-07-2020 12:45, RollercoasterFan , Facebook , #Thrill #RollercoasterAdventure        ,22,45, Germany         ,2020,7,25,12,embracing the thrill of speed on a rollercoasters exhilarating twists 
380,384,Harmony resonates as musicians play a melody of unity and togetherness. ,Positive,30-11-2019 19:30, MusicHarmonist  , Instagram , #Harmony #MusicalUnity                   ,35,70, Sweden          ,2019,11,30,19,harmony resonates as musicians play a melody of unity and togetherness 
381,385,A burst of creativity in the quiet solitude of an artist's studio.  ,Positive,01-09-2015 16:00, StudioArtist    , Twitter  , #Creativity #ArtistsHaven               ,15,30, Italy           ,2015,9,1,16,a burst of creativity in the quiet solitude of an artists studio  
382,386,Radiant joy akin to blooming flowers on a sun-kissed spring morning. ,Positive,05-05-2022 10:15, SpringEnthusiast , Facebook , #Radiance #SpringBlooms                 ,25,50, Netherlands     ,2022,5,5,10,radiant joy akin to blooming flowers on a sunkissed spring morning 
383,387,A sense of wonder at the vastness of the cosmos on a stargazing night. ,Positive,08-07-2018 23:00, CosmosExplorer  , Instagram , #Wonder #StargazingAdventure            ,40,80, South Africa    ,2018,7,8,23,a sense of wonder at the vastness of the cosmos on a stargazing night 
384,388,Rejuvenated by the salty breeze and the sound of waves at the seaside. ,Positive,20-09-2021 14:30, SeaBreezeLover , Twitter  , #Rejuvenation #SeasideEscape            ,18,35, Spain           ,2021,9,20,14,rejuvenated by the salty breeze and the sound of waves at the seaside 
385,389,Whispers of inspiration from the rustling leaves in a serene forest. ,Positive,15-11-2016 11:45, ForestDreamer   , Facebook , #Inspiration #ForestWhispers            ,28,55, Portugal        ,2016,11,15,11,whispers of inspiration from the rustling leaves in a serene forest 
386,390,Savoring the warmth of a cup of cocoa on a chilly winter evening.   ,Positive,12-01-2020 18:00, WinterWarmth    , Instagram , #Coziness #WarmWinterEvening           ,30,60, Switzerland     ,2020,1,12,18,savoring the warmth of a cup of cocoa on a chilly winter evening   
387,391,Heartfelt gratitude for the laughter shared during a family reunion. ,Positive,28-12-2017 19:15, FamilyGatherer , Facebook , #Gratitude #FamilyLaughter              ,22,45, Austria         ,2017,12,28,19,heartfelt gratitude for the laughter shared during a family reunion 
388,392,"Embarking on a culinary adventure, savoring exotic flavors around the world. ",Positive,02-03-2019 20:20, CulinaryExplorer , Twitter  , #Adventure #CulinaryJourney             ,35,70, Belgium         ,2019,3,2,20,embarking on a culinary adventure savoring exotic flavors around the world 
389,393,Euphoria floods in as the final puzzle piece clicks into place.       ,Neutral,08-06-2022 15:30, PuzzleSolver    , Instagram , #Euphoria #PuzzleCompletion            ,20,40, Denmark         ,2022,6,8,15,euphoria floods in as the final puzzle piece clicks into place       
390,394,Awe-inspired by the grandeur of an ancient cathedral's intricate architecture. ,Positive,18-08-2018 14:45, CathedralVisitor , Facebook , #Awe #ArchitecturalGrandeur            ,18,35, Czech Republic  ,2018,8,18,14,aweinspired by the grandeur of an ancient cathedrals intricate architecture 
391,395,Captivated by the ethereal beauty of a field filled with fireflies. ,Positive,10-08-2022 22:00, NightSkyObserver , Instagram , #Enchantment #FireflyField              ,25,50, Brazil           ,2022,8,10,22,captivated by the ethereal beauty of a field filled with fireflies 
392,396,Immersed in the enchanting melodies of a street musician's violin. ,Positive,05-04-2019 17:30, MusicLover      , Twitter  , #Melodic #StreetMusic                   ,18,35, France           ,2019,4,5,17,immersed in the enchanting melodies of a street musicians violin 
393,397,Joyful laughter resonates through a lively summer carnival.         ,Positive,15-12-2020 15:45, CarnivalGoer    , Facebook , #FestiveJoy #SummerCarnival             ,22,45, Japan            ,2020,12,15,15,joyful laughter resonates through a lively summer carnival         
394,398,Exploring the universe within during a mindful meditation session. ,Neutral,20-10-2017 08:15, MindfulExplorer , Instagram , #InnerJourney #MeditationBliss          ,35,70, Canada           ,2017,10,20,8,exploring the universe within during a mindful meditation session 
395,399,Soaring like a free spirit on the winds of a coastal cliff.        ,Neutral,28-02-2021 13:00, CoastalExplorer , Twitter  , #Freedom #CoastalAdventure              ,30,60, Australia         ,2021,2,28,13,soaring like a free spirit on the winds of a coastal cliff        
396,400,Dazzled by the elegance of a masquerade ball's dazzling costumes. ,Positive,12-06-2018 20:30, MasqueradeAttendee , Facebook , #Dazzle #MasqueradeElegance            ,28,55, UK               ,2018,6,12,20,dazzled by the elegance of a masquerade balls dazzling costumes 
397,401,Whimsical delight in a world of whimsical fairy tales.             ,Positive,08-03-2016 14:20, FairyTaleAdventurer , Instagram , #Whimsy #FairyTaleMagic                 ,20,40, USA             ,2016,3,8,14,whimsical delight in a world of whimsical fairy tales             
398,402,Reflective contemplation amid the ruins of a forgotten era.        ,Neutral,18-04-2023 17:10, RuinsExplorer   , Twitter  , #Reflection #ForgottenEra               ,18,35, Greece           ,2023,4,18,17,reflective contemplation amid the ruins of a forgotten era        
399,403,Riding the adrenaline rush on a rollercoaster's wild twists.      ,Neutral,25-07-2020 12:45, ThrillSeeker    , Facebook , #Adrenaline #RollercoasterThrills      ,22,45, Germany         ,2020,7,25,12,riding the adrenaline rush on a rollercoasters wild twists      
400,404,Harmony resonates as musicians play a symphony of unity.           ,Positive,30-11-2019 19:30, MusicHarmonist  , Instagram , #Harmony #MusicalUnity                   ,35,70, Sweden          ,2019,11,30,19,harmony resonates as musicians play a symphony of unity           
401,405,A burst of artistic creativity in the quietude of an artist's studio. ,Positive,01-09-2015 16:00, StudioArtist    , Twitter  , #ArtisticBurst #StudioCreativity       ,15,30, Italy           ,2015,9,1,16,a burst of artistic creativity in the quietude of an artists studio 
402,406,Radiant joy akin to blossoming flowers on a sunlit spring morning. ,Positive,05-05-2022 10:15, SpringEnthusiast , Facebook , #Radiance #SpringBlooms                 ,25,50, Netherlands     ,2022,5,5,10,radiant joy akin to blossoming flowers on a sunlit spring morning 
403,407,Awe-inspired by the vastness of the cosmos on a stargazing night.   ,Positive,08-07-2018 23:00, CosmosExplorer  , Instagram , #Wonder #StargazingAdventure            ,40,80, South Africa    ,2018,7,8,23,aweinspired by the vastness of the cosmos on a stargazing night   
404,408,Rejuvenated by the salty breeze and the sound of waves at the seaside. ,Positive,20-09-2021 14:30, SeaBreezeLover , Twitter  , #Rejuvenation #SeasideEscape            ,18,35, Spain           ,2021,9,20,14,rejuvenated by the salty breeze and the sound of waves at the seaside 
405,409,Whispers of inspiration from the rustling leaves in a serene forest. ,Positive,15-11-2016 11:45, ForestDreamer   , Facebook , #Inspiration #ForestWhispers            ,28,55, Portugal        ,2016,11,15,11,whispers of inspiration from the rustling leaves in a serene forest 
406,410,Savoring the warmth of a cup of cocoa on a chilly winter evening.   ,Positive,12-01-2020 18:00, WinterWarmth    , Instagram , #Coziness #WarmWinterEvening           ,30,60, Switzerland     ,2020,1,12,18,savoring the warmth of a cup of cocoa on a chilly winter evening   
407,411,Heartfelt gratitude for the laughter shared during a family reunion. ,Positive,28-12-2017 19:15, FamilyGatherer , Facebook , #Gratitude #FamilyLaughter              ,22,45, Austria         ,2017,12,28,19,heartfelt gratitude for the laughter shared during a family reunion 
408,412,"Embarking on a culinary odyssey, savoring flavors around the world. ",Neutral,02-03-2019 20:20, CulinaryExplorer , Twitter  , #CulinaryOdyssey #FlavorsAroundTheWorld ,35,70, Belgium         ,2019,3,2,20,embarking on a culinary odyssey savoring flavors around the world 
409,413,Euphoria floods in as the final puzzle piece fits perfectly.       ,Positive,08-06-2022 15:30, PuzzleSolver    , Instagram , #Euphoria #PerfectPuzzle               ,20,40, Denmark         ,2022,6,8,15,euphoria floods in as the final puzzle piece fits perfectly       
410,414,Awe-struck by the grandeur of an ancient cathedral's intricate architecture. ,Positive,18-08-2018 14:45, CathedralVisitor , Facebook , #Awe #ArchitecturalGrandeur            ,18,35, Czech Republic  ,2018,8,18,14,awestruck by the grandeur of an ancient cathedrals intricate architecture 
411,415,Curiosity awakened by the mysteries of an ancient archaeological site. ,Neutral,08-11-2015 10:00, ArchaeologyEnthusiast , Instagram , #Curiosity #AncientMysteries          ,18,35, Australia ,2015,11,8,10,curiosity awakened by the mysteries of an ancient archaeological site 
412,416,Giddy with excitement as the first snowflakes dance from the sky. ,Positive,02-12-2020 17:30, SnowfallEnthusiast , Twitter  , #Excitement #SnowfallMagic             ,22,45, Canada         ,2020,12,2,17,giddy with excitement as the first snowflakes dance from the sky 
413,417,Contentment envelops as the aroma of freshly baked bread fills the air. ,Positive,10-06-2017 12:15, BreadLover     , Instagram , #Contentment #FreshBreadAroma          ,28,55, France          ,2017,6,10,12,contentment envelops as the aroma of freshly baked bread fills the air 
414,418,Inspired by the resilience of a lone tree standing tall in a storm. ,Positive,15-04-2021 14:20, NatureResilient , Facebook , #Resilience #StandingTall              ,35,70, USA             ,2021,4,15,14,inspired by the resilience of a lone tree standing tall in a storm 
415,419,"Lost in the pages of a captivating novel, transported to another world. ",Neutral,28-09-2019 19:45, Bookworm       , Twitter  , #Immersion #CaptivatingNovel           ,20,40, UK              ,2019,9,28,19,lost in the pages of a captivating novel transported to another world 
416,420,Drenched in nostalgia while flipping through an old family photo album. ,Positive,05-12-2016 21:00, FamilyHistorian , Instagram , #Nostalgia #FamilyPhotoAlbum           ,25,50, India          ,2016,12,5,21,drenched in nostalgia while flipping through an old family photo album 
417,421,Spark of inspiration ignites like a shooting star in the night sky. ,Positive,10-02-2018 23:30, NightSkyWatcher , Facebook , #Spark #InspirationIgnited             ,30,60, Australia      ,2018,2,10,23,spark of inspiration ignites like a shooting star in the night sky 
418,422,Imbued with gratitude for the simple pleasure of a warm cup of tea. ,Positive,15-02-2023 08:30, TeaEnthusiast  , Twitter  , #Gratitude #WarmTea                    ,18,35, Japan           ,2023,2,15,8,imbued with gratitude for the simple pleasure of a warm cup of tea 
419,423,Marveling at the kaleidoscope of colors in a vibrant street market. ,Neutral,22-08-2015 15:00, MarketExplorer , Instagram , #Marvel #ColorfulStreetMarket          ,22,45, Brazil          ,2015,8,22,15,marveling at the kaleidoscope of colors in a vibrant street market 
420,424,Awash with serenity as the sun sets over a tranquil lakeside retreat. ,Positive,20-11-2020 18:45, LakesideRetreater , Facebook , #Serenity #TranquilSunset              ,28,55, Germany       ,2020,11,20,18,awash with serenity as the sun sets over a tranquil lakeside retreat 
421,425,Drowning in sorrow as memories of lost love resurface.            ,Negative,05-08-2019 21:00, LostInLove      , Instagram , #Heartbreak #LostLove                    ,15,30, USA             ,2019,8,5,21,drowning in sorrow as memories of lost love resurface            
422,426,Numbness sets in as the weight of loneliness grows heavier.       ,Negative,12-02-2021 16:45, SolitudeSeeker , Twitter  , #Loneliness #HeavyHeart                  ,18,35, Canada          ,2021,2,12,16,numbness sets in as the weight of loneliness grows heavier       
423,427,"Tears fall like raindrops, mourning the end of a cherished friendship. ",Negative,28-11-2020 14:20, FriendshipsEnd  , Facebook , #Grief #LostFriendship                  ,22,45, UK              ,2020,11,28,14,tears fall like raindrops mourning the end of a cherished friendship 
424,428,"Despair clouds the mind, feeling adrift in an endless sea of darkness. ",Negative,15-05-2016 22:30, LostInDarkness  , Instagram , #Despair #EndlessDarkness               ,28,55, Australia        ,2016,5,15,22,despair clouds the mind feeling adrift in an endless sea of darkness 
425,429,"Shattered by betrayal, trust crumbles like fragile glass.          ",Negative,10-09-2018 13:15, BrokenTrust     , Twitter  , #Betrayal #ShatteredTrust               ,22,45, Germany         ,2018,9,10,13,shattered by betrayal trust crumbles like fragile glass          
426,430,"Aching heart, the symphony of pain plays in the silence of solitude. ",Neutral,20-03-2022 19:30, SilentSufferer  , Facebook , #Suffering #HeartacheSymphony          ,25,50, Brazil          ,2022,3,20,19,aching heart the symphony of pain plays in the silence of solitude 
427,431,"Emotional storm, a whirlwind of sadness engulfs every thought.    ",Negative,18-07-2017 17:45, StormyFeelings  , Instagram , #EmotionalStorm #SadnessWhirlwind      ,30,60, India          ,2017,7,18,17,emotional storm a whirlwind of sadness engulfs every thought    
428,432,"Haunted by regrets, the ghost of the past lingers relentlessly.   ",Negative,15-12-2018 10:00, LingeringGhost  , Twitter  , #Regret #HauntedPast                    ,18,35, France         ,2018,12,15,10,haunted by regrets the ghost of the past lingers relentlessly   
429,433,"Torn apart by grief, the echoes of loss reverberate through the soul. ",Negative,28-06-2015 21:15, EchoesOfLoss    , Facebook , #Grief #TornApart                       ,28,55, Italy         ,2015,6,28,21,torn apart by grief the echoes of loss reverberate through the soul 
430,434,"Isolation deepens, an emotional winter where warmth is but a distant memory. ",Neutral,02-04-2020 14:20, WinterOfEmotions , Instagram , #Isolation #EmotionalWinter            ,35,70, Japan       ,2020,4,2,14,isolation deepens an emotional winter where warmth is but a distant memory 
431,435,"Soul-crushing disappointment, hopes shattered like fragile glass. ",Negative,08-10-2019 18:30, ShatteredHopes  , Twitter  , #Disappointment #CrushedHopes          ,20,40, Spain        ,2019,10,8,18,soulcrushing disappointment hopes shattered like fragile glass 
432,436,"Painful echoes of a love once cherished, now lost in the abyss of time. ",Negative,22-11-2016 09:45, AbyssOfTime     , Facebook , #LostLove #PainfulEchoes               ,22,45, Netherlands  ,2016,11,22,9,painful echoes of a love once cherished now lost in the abyss of time 
433,437,"Heartache deepens, a solitary journey through the abyss of despair. ",Negative,18-08-2022 22:00, SolitaryDescent , Instagram , #Despair #AbyssOfHeartache             ,40,80, South Africa ,2022,8,18,22,heartache deepens a solitary journey through the abyss of despair 
434,438,"Melancholy lingers, a bittersweet serenade in the quietude of solitude. ",Neutral,12-03-2017 23:30, SerenadeOfSolitude , Twitter , #Melancholy #QuietSerenade             ,18,35, UK         ,2017,3,12,23,melancholy lingers a bittersweet serenade in the quietude of solitude 
435,439,"Bitterness like a poison, seeping into every crevice of the wounded heart. ",Negative,15-12-2015 16:15, PoisonedHeart   , Facebook , #Bitterness #WoundedHeart              ,25,50, Australia   ,2015,12,15,16,bitterness like a poison seeping into every crevice of the wounded heart 
436,440,"Emotional exhaustion, the weight of the world crushing weary shoulders. ",Negative,05-09-2021 13:30, WearySoulCrushed , Instagram , #Exhaustion #CrushedSpirit             ,35,70, Canada     ,2021,9,5,13,emotional exhaustion the weight of the world crushing weary shoulders 
437,441,"Sorrowful echoes, a symphony of pain played by the strings of loss. ",Negative,22-05-2018 20:45, StringsOfSorrow , Twitter  , #Sorrow #SymphonyOfLoss                ,18,35, Germany     ,2018,5,22,20,sorrowful echoes a symphony of pain played by the strings of loss 
438,442,"Darkness descends, engulfing the soul in the shadows of despair.  ",Negative,10-07-2016 18:20, SoulInShadow    , Facebook , #Darkness #SoulEngulfed                 ,28,55, USA         ,2016,7,10,18,darkness descends engulfing the soul in the shadows of despair  
439,443,"Desperation whispers, the silent plea for a glimmer of hope in the abyss. ",Negative,30-04-2019 14:00, WhisperedDespair , Instagram , #Desperation #GlimmerOfHope            ,22,45, France    ,2019,4,30,14,desperation whispers the silent plea for a glimmer of hope in the abyss 
440,444,"Heart in ruins, the remnants of shattered dreams scattered in the wind. ",Negative,08-01-2022 11:30, DreamsInWind    , Twitter  , #Ruins #ShatteredDreams                ,20,40, Brazil     ,2022,1,8,11,heart in ruins the remnants of shattered dreams scattered in the wind 
441,445,"Shattered by the echoes of a shattered dream, fragments of hope scattered. ",Negative,10-09-2017 19:15, DreamEchoes , Twitter , #Desolation #ScatteredHope ,20,40, Australia ,2017,9,10,19,shattered by the echoes of a shattered dream fragments of hope scattered 
442,446,"Avoiding the thorns of regret, walking barefoot on the path of remorse. ",Neutral,18-04-2022 11:30, RemorseWalker , Instagram , #Regret #PathOfRemorse ,25,50, Canada ,2022,4,18,11,avoiding the thorns of regret walking barefoot on the path of remorse 
443,447,"In the labyrinth of grief, the walls echo with the footsteps of lost joy. ",Neutral,05-12-2018 21:45, JoyLabyrinth , Facebook , #Grief #LostJoyFootsteps ,18,35, USA ,2018,12,5,21,in the labyrinth of grief the walls echo with the footsteps of lost joy 
444,448,"A soul adrift in the sea of solitude, waves of loneliness crashing relentlessly. ",Neutral,28-06-2016 14:20, SolitudeSeas , Twitter , #Loneliness #CrashingWaves ,22,45, UK ,2016,6,28,14,a soul adrift in the sea of solitude waves of loneliness crashing relentlessly 
445,449,"The bitterness of betrayal, a taste that lingers, staining the palate of trust. ",Negative,22-10-2019 17:00, PalateStainer , Instagram , #Bitterness #StainedTrust ,15,30, Germany ,2019,10,22,17,the bitterness of betrayal a taste that lingers staining the palate of trust 
446,450,"In the ruins of hope, echoes of shattered dreams whisper tales of loss. ",Negative,15-03-2021 22:45, HopeRuins , Facebook , #Desolation #WhisperedLoss ,28,55, Brazil ,2021,3,15,22,in the ruins of hope echoes of shattered dreams whisper tales of loss 
447,451,"Sinking like a stone in the ocean of heartbreak, each ripple a sigh of despair. ",Negative,10-08-2017 19:30, OceanSinker , Twitter , #Heartbreak #RippleOfDespair ,22,45, France ,2017,8,10,19,sinking like a stone in the ocean of heartbreak each ripple a sigh of despair 
448,452,"Tears, the ink staining the pages of a journal, a testament to silent grief. ",Negative,28-01-2023 14:30, InkJournalist , Instagram , #Grief #SilentTears ,30,60, India ,2023,1,28,14,tears the ink staining the pages of a journal a testament to silent grief 
449,453,"In the wasteland of lost trust, the echoes of broken promises reverberate. ",Negative,12-12-2016 10:00, TrustWasteland , Facebook , #Betrayal #ReverberatingPromises ,25,50, Italy ,2016,12,12,10,in the wasteland of lost trust the echoes of broken promises reverberate 
450,454,"Avoiding the shards of shattered dreams, walking the tightrope of resilience. ",Neutral,18-07-2020 15:15, DreamTightrope , Twitter , #Resilience #TightropeWalk ,35,70, Japan ,2020,7,18,15,avoiding the shards of shattered dreams walking the tightrope of resilience 
451,455,"Suffocating in the silence of solitude, where echoes of laughter once thrived. ",Neutral,20-05-2022 20:30, EchoedLaughter , Instagram , #Isolation #SilentSolitude ,30,60, South Africa ,2022,5,20,20,suffocating in the silence of solitude where echoes of laughter once thrived 
452,456,"Haunted by the specter of lost possibilities, a ghost that refuses to fade away. ",Neutral,08-11-2019 14:45, PossibilityGhost , Twitter , #Regret #FadingPossibilities ,18,35, Spain ,2019,11,8,14,haunted by the specter of lost possibilities a ghost that refuses to fade away 
453,457,"In the labyrinth of despair, the echoes of a broken heart reverberate endlessly. ",Negative,28-03-2017 22:00, EndlessLabyrinth , Facebook , #Despair #EndlessReverberation ,28,55, Australia ,2017,3,28,22,in the labyrinth of despair the echoes of a broken heart reverberate endlessly 
454,458,"Sinking like autumn leaves in the river of sorrow, carried away by the current. ",Negative,15-09-2020 18:15, RiverOfSorrow , Instagram , #Sorrow #AutumnLeaves ,22,45, Canada ,2020,9,15,18,sinking like autumn leaves in the river of sorrow carried away by the current 
455,459,"In the garden of broken dreams, petals fall, a silent testimony to shattered hopes. ",Negative,10-06-2018 13:30, DreamGardener , Twitter , #Desolation #ShatteredHopes ,20,40, UK ,2018,6,10,13,in the garden of broken dreams petals fall a silent testimony to shattered hopes 
456,460,"Tears, the currency of grief, spent in the marketplace of lost love and longing. ",Negative,22-12-2016 21:45, CurrencyOfTears , Facebook , #Grief #LostLoveLonging ,25,50, USA ,2016,12,22,21,tears the currency of grief spent in the marketplace of lost love and longing 
457,461,"Wandering in the maze of betrayal, the walls closing in with every wrong turn. ",Negative,05-01-2021 16:20, MazeWanderer , Instagram , #Betrayal #ClosingWalls ,15,30, Germany ,2021,1,5,16,wandering in the maze of betrayal the walls closing in with every wrong turn 
458,462,"A soul weathered by the storm of heartbreak, seeking refuge in the calm after. ",Neutral,18-04-2019 11:00, StormSeeker , Twitter , #Heartbreak #CalmAfterStorm ,22,45, Brazil ,2019,4,18,11,a soul weathered by the storm of heartbreak seeking refuge in the calm after 
459,463,"In the tapestry of despair, threads of hope unravel, leaving a portrait of sorrow. ",Neutral,28-08-2017 19:30, TapestrySorrow , Facebook , #Despair #UnraveledHope ,18,35, India ,2017,8,28,19,in the tapestry of despair threads of hope unravel leaving a portrait of sorrow 
460,464,"Like a withered rose in the garden of love, petals fall, a silent surrender to time. ",Neutral,10-02-2023 14:30, WitheredRose , Instagram , #Loss #SilentSurrender ,28,55, France ,2023,2,10,14,like a withered rose in the garden of love petals fall a silent surrender to time 
461,465,"In the void of heartache, echoes of a love song play, each note a pang of longing. ",Neutral,10-07-2022 22:15, LoveSongEcho , Instagram , #Heartache #LoveSongLonging ,30,60, Japan ,2022,7,10,22,in the void of heartache echoes of a love song play each note a pang of longing 
462,466,"Nostalgia, a bittersweet dance in the moonlit ballroom of cherished memories. ",Positive,15-05-2019 21:30, MoonlitMemories , Twitter , #Nostalgia #CherishedMemories ,18,35, Italy ,2019,5,15,21,nostalgia a bittersweet dance in the moonlit ballroom of cherished memories 
463,467,"In the symphony of grief, each tear is a note, composing a melancholic melody. ",Neutral,28-11-2018 14:00, SymphonyOfTears , Facebook , #Grief #MelancholicMelody ,22,45, Germany ,2018,11,28,14,in the symphony of grief each tear is a note composing a melancholic melody 
464,468,"Betrayal, a venomous serpent slithering through the garden of trust, poisoning roots. ",Negative,02-03-2021 17:45, VenomousGarden , Instagram , #Betrayal #PoisonedTrust ,25,50, Canada ,2021,3,2,17,betrayal a venomous serpent slithering through the garden of trust poisoning roots 
465,469,"Sinking in the quicksand of despair, the harder you fight, the deeper you descend. ",Negative,18-10-2016 19:30, QuicksandFighter , Twitter , #Despair #DeepDescent ,20,40, USA ,2016,10,18,19,sinking in the quicksand of despair the harder you fight the deeper you descend 
466,470,"Wandering through the cemetery of lost dreams, tombstones marking untold sorrows. ",Negative,15-08-2020 12:30, DreamCemetery , Facebook , #Desolation #UntoldSorrows ,28,55, France ,2020,8,15,12,wandering through the cemetery of lost dreams tombstones marking untold sorrows 
467,471,"Swept away by the river of regret, the currents of the past refusing to release. ",Negative,28-04-2017 16:20, RegretRiver , Instagram , #Regret #PastCurrents ,18,35, UK ,2017,4,28,16,swept away by the river of regret the currents of the past refusing to release 
468,472,"Whispers of lost love linger in the attic of the heart, forgotten but not erased. ",Neutral,10-09-2019 21:00, HeartAttic , Twitter , #Loss #ForgottenLove ,22,45, Australia ,2019,9,10,21,whispers of lost love linger in the attic of the heart forgotten but not erased 
469,473,"In the gallery of broken promises, each shattered vow framed, a painful exhibition. ",Negative,28-01-2022 13:45, PromiseGallery , Facebook , #Betrayal #ShatteredVows ,15,30, Brazil ,2022,1,28,13,in the gallery of broken promises each shattered vow framed a painful exhibition 
470,474,"The echoes of solitude, a silent conversation between a soul and its shadows. ",Neutral,15-06-2016 22:30, EchoedConversation , Instagram , #Solitude #ShadowConversation ,30,60, Spain ,2016,6,15,22,the echoes of solitude a silent conversation between a soul and its shadows 
471,475,"Dancing on sunshine, each step a celebration of the joy found in simple moments. ",Positive,20-08-2021 15:45, SunshineDancer , Instagram , #Joy #SimpleMoments ,40,80, USA ,2021,8,20,15,dancing on sunshine each step a celebration of the joy found in simple moments 
472,476,"Laughter echoes in the air, a chorus of happiness that lifts the spirit higher. ",Positive,12-04-2018 18:30, EchoedLaughter , Twitter , #Happiness #SpiritLifter ,35,70, Canada ,2018,4,12,18,laughter echoes in the air a chorus of happiness that lifts the spirit higher 
473,477,"In the garden of contentment, each bloom whispers tales of inner peace and joy. ",Positive,15-02-2022 12:20, GardenOfJoy , Facebook , #Contentment #InnerPeace ,25,50, UK ,2022,2,15,12,in the garden of contentment each bloom whispers tales of inner peace and joy 
474,478,"Chasing dreams under the vibrant sky, a journey fueled by hope and enthusiasm. ",Positive,28-10-2019 14:15, DreamChaser , Instagram , #Enthusiasm #HopefulJourney ,30,60, Australia ,2019,10,28,14,chasing dreams under the vibrant sky a journey fueled by hope and enthusiasm 
475,479,"Serenading the stars with a heart full of gratitude, a melody of thankfulness. ",Positive,22-12-2017 21:00, StarSerenader , Twitter , #Gratitude #ThankfulMelody ,22,45, India ,2017,12,22,21,serenading the stars with a heart full of gratitude a melody of thankfulness 
476,480,"Basking in the glow of accomplishment, each milestone a stepping stone to happiness. ",Positive,10-06-2020 17:30, GlowAchiever , Facebook , #Accomplishment #HappinessMilestone ,28,55, Germany ,2020,6,10,17,basking in the glow of accomplishment each milestone a stepping stone to happiness 
477,481,"In the dance of positivity, every step is a rhythm, uplifting the soul in harmony. ",Positive,18-09-2016 19:45, DanceHarmony , Instagram , #Positivity #SoulUpliftment ,18,35, France ,2016,9,18,19,in the dance of positivity every step is a rhythm uplifting the soul in harmony 
478,482,"Overflowing with joy, a cup of laughter shared with friends, a moment cherished. ",Positive,10-03-2023 14:30, LaughterCup , Twitter , #Joy #CherishedMoment ,20,40, Japan ,2023,3,10,14,overflowing with joy a cup of laughter shared with friends a moment cherished 
479,483,"Draped in the warmth of kindness, a quilt of compassion stitched with love. ",Positive,05-05-2019 12:15, QuiltedCompassion , Facebook , #Kindness #LoveStitches ,25,50, Brazil ,2019,5,5,12,draped in the warmth of kindness a quilt of compassion stitched with love 
480,484,"In the garden of friendships, each bloom a testament to the beauty of camaraderie. ",Positive,28-08-2018 16:00, FriendshipGarden , Instagram , #Friendship #CamaraderieBlooms ,30,60, South Africa ,2018,8,28,16,in the garden of friendships each bloom a testament to the beauty of camaraderie 
481,485,"In the embrace of love, each heartbeat is a melody, dancing to the rhythm of affection. ",Positive,15-11-2022 20:45, MelodyOfLove , Twitter , #Love #RhythmOfAffection ,35,70, USA ,2022,11,15,20,in the embrace of love each heartbeat is a melody dancing to the rhythm of affection 
482,486,"Surrounded by the colors of joy, a canvas painted with laughter and endless smiles. ",Positive,02-07-2019 17:00, ColorfulLaughter , Instagram , #Joy #EndlessSmiles ,40,80, Canada ,2019,7,2,17,surrounded by the colors of joy a canvas painted with laughter and endless smiles 
483,487,"In the symphony of excitement, each note is a burst of energy, igniting the soul with fervor. ",Positive,18-04-2021 14:20, SymphonyFervor , Facebook , #Excitement #IgnitedSoul ,30,60, UK ,2021,4,18,14,in the symphony of excitement each note is a burst of energy igniting the soul with fervor 
484,488,"A surprise gift, wrapped in anticipation, unfolds a moment of delight and wonder. ",Positive,05-02-2023 19:30, WrappedDelight , Twitter , #Surprise #WonderfulMoment ,25,50, Australia ,2023,2,5,19,a surprise gift wrapped in anticipation unfolds a moment of delight and wonder 
485,489,"Lost in the maze of curiosity, each twist and turn unveils the treasures of discovery. ",Neutral,22-09-2018 12:45, MazeDiscovery , Instagram , #Curiosity #TreasuresOfDiscovery ,22,45, India ,2018,9,22,12,lost in the maze of curiosity each twist and turn unveils the treasures of discovery 
486,490,"Floating on clouds of gratitude, each raindrop a blessing, a shower of thankfulness. ",Positive,10-12-2016 21:15, CloudsOfBlessings , Facebook , #Gratitude #ShowerOfThankfulness ,28,55, Germany ,2016,12,10,21,floating on clouds of gratitude each raindrop a blessing a shower of thankfulness 
487,491,"Like a comet of inspiration, streaking through the sky of creativity, leaving trails of brilliance. ",Positive,28-05-2020 16:00, CometCreativity , Twitter , #Inspiration #BrilliantTrails ,18,35, France ,2020,5,28,16,like a comet of inspiration streaking through the sky of creativity leaving trails of brilliance 
488,492,"In the celebration of success, fireworks of accomplishment light up the night sky of triumph. ",Positive,15-11-2017 22:30, FireworksTriumph , Instagram , #Success #NightSkyTriumph ,22,45, Japan ,2017,11,15,22,in the celebration of success fireworks of accomplishment light up the night sky of triumph 
489,493,"A symphony of laughter, each note a key to unlocking the door of boundless happiness. ",Positive,02-08-2021 19:00, LaughterSymphony , Facebook , #Happiness #BoundlessLaughter ,30,60, Brazil ,2021,8,2,19,a symphony of laughter each note a key to unlocking the door of boundless happiness 
490,494,"In the carnival of emotions, the rollercoaster of thrill sends the heart on a wild ride. ",Positive,28-03-2019 15:30, EmotionCarnival , Instagram , #Thrill #WildHeartRide ,35,70, South Africa ,2019,3,28,15,in the carnival of emotions the rollercoaster of thrill sends the heart on a wild ride 
491,495,"Standing before the grandeur of the Eiffel Tower, a moment to reflect on the beauty of Parisian dreams. ",Positive,12-05-2018 17:30, ParisDreamer , Twitter , #Reflection #ParisianDreams ,28,55, France ,2018,5,12,17,standing before the grandeur of the eiffel tower a moment to reflect on the beauty of parisian dreams 
492,496,"Lost in the enchantment of Disneyland, each ride a journey into the realm of childhood fantasies. ",Neutral,28-09-2022 15:45, DisneylandExplorer , Instagram , #Enchantment #ChildhoodFantasies ,30,60, USA ,2022,9,28,15,lost in the enchantment of disneyland each ride a journey into the realm of childhood fantasies 
493,497,"Exploring the wonders of Ferrari World, the roar of engines creating a symphony of speed. ",Positive,10-11-2019 14:00, FerrariSpeedster , Facebook , #Excitement #SymphonyOfSpeed ,22,45, Italy ,2019,11,10,14,exploring the wonders of ferrari world the roar of engines creating a symphony of speed 
494,498,"Amidst the tulip fields of Keukenhof, a tapestry of colors that paints the soul with springtime joy. ",Positive,02-04-2021 18:20, KeukenhofAdventurer , Instagram , #Joy #SpringtimeColors ,35,70, Netherlands ,2021,4,2,18,amidst the tulip fields of keukenhof a tapestry of colors that paints the soul with springtime joy 
495,499,"Wandering through the historical streets of Kyoto, each step a journey into the heart of Japan's traditions. ",Neutral,22-08-2017 21:30, KyotoAdventurer , Twitter , #Exploration #JapaneseTraditions ,18,35, Japan ,2017,8,22,21,wandering through the historical streets of kyoto each step a journey into the heart of japans traditions 
496,500,"In the embrace of the Grand Canyon, nature's masterpiece, a moment to marvel at Earth's grandeur. ",Positive,15-06-2020 16:45, CanyonMarveler , Instagram , #Awe #EarthsGrandeur ,25,50, USA ,2020,6,15,16,in the embrace of the grand canyon natures masterpiece a moment to marvel at earths grandeur 
497,501,"Journeying through the serenity of Santorini, where each sunset paints the sky with hues of tranquility. ",Positive,10-09-2016 19:15, SantoriniTraveler , Facebook , #Serenity #SunsetHues ,22,45, Greece ,2016,9,10,19,journeying through the serenity of santorini where each sunset paints the sky with hues of tranquility 
498,502,"Amazed by the architectural marvels of Petra, each stone telling tales of an ancient civilization. ",Positive,28-01-2023 13:00, PetraExplorer , Twitter , #Amazement #AncientTales ,30,60, Jordan ,2023,1,28,13,amazed by the architectural marvels of petra each stone telling tales of an ancient civilization 
499,503,"Embarking on a gondola ride in Venice, each canal reflecting the romance of this timeless city. ",Neutral,18-04-2019 16:30, VeniceRomantic , Instagram , #Romance #TimelessCity ,20,40, Italy ,2019,4,18,16,embarking on a gondola ride in venice each canal reflecting the romance of this timeless city 
500,504,"At the summit of Machu Picchu, a breathtaking panorama that whispers the secrets of ancient civilizations. ",Positive,05-11-2017 22:00, MachuPicchuAdventurer , Facebook , #Awe #AncientCivilizations ,28,55, Peru ,2017,11,5,22,at the summit of machu picchu a breathtaking panorama that whispers the secrets of ancient civilizations 
501,505,"In the heart of New York City, Times Square dazzles with lights, a vibrant spectacle of urban energy. ",Positive,20-07-2022 21:45, TimesSquareExplorer , Instagram , #Excitement #UrbanEnergy ,35,70, USA ,2022,7,20,21,in the heart of new york city times square dazzles with lights a vibrant spectacle of urban energy 
502,506,"Captivated by the historical charm of the Colosseum, each stone echoing tales of gladiator valor. ",Positive,15-03-2018 17:30, ColosseumAdventurer , Twitter , #Captivation #GladiatorTales ,25,50, Italy ,2018,3,15,17,captivated by the historical charm of the colosseum each stone echoing tales of gladiator valor 
503,507,"Sailing the azure waters of the Maldives, each wave a whisper of serenity in paradise. ",Positive,28-10-2019 14:15, MaldivesSailor , Facebook , #Serenity #ParadiseWhispers ,22,45, Maldives ,2019,10,28,14,sailing the azure waters of the maldives each wave a whisper of serenity in paradise 
504,508,"In the midst of the Amazon rainforest, a symphony of wildlife creates an orchestra of nature's wonders. ",Neutral,10-06-2021 16:00, AmazonExplorer , Instagram , #Wonder #NatureOrchestra ,30,60, Brazil ,2021,6,10,16,in the midst of the amazon rainforest a symphony of wildlife creates an orchestra of natures wonders 
505,509,"Walking the Great Wall of China, each step a testament to ancient engineering marvels. ",Neutral,18-08-2017 19:30, GreatWallWalker , Twitter , #Awe #EngineeringMarvels ,18,35, China ,2017,8,18,19,walking the great wall of china each step a testament to ancient engineering marvels 
506,510,"At the summit of Mount Fuji, a breathtaking sunrise that paints the sky with hues of accomplishment. ",Positive,15-04-2020 05:30, FujiSummitAchiever , Facebook , #Accomplishment #SunriseHues ,28,55, Japan ,2020,4,15,5,at the summit of mount fuji a breathtaking sunrise that paints the sky with hues of accomplishment 
507,511,"Exploring the ancient ruins of Angkor Wat, each stone whispering stories of Khmer civilization. ",Neutral,22-11-2016 13:00, AngkorWatAdventurer , Instagram , #Exploration #KhmerStories ,20,40, Cambodia ,2016,11,22,13,exploring the ancient ruins of angkor wat each stone whispering stories of khmer civilization 
508,512,"Skiing down the slopes of the Swiss Alps, each turn a dance with the majesty of snow-capped peaks. ",Neutral,10-01-2019 14:45, AlpsSkiAdventurer , Twitter , #Adventure #SnowPeakDance ,22,45, Switzerland ,2019,1,10,14,skiing down the slopes of the swiss alps each turn a dance with the majesty of snowcapped peaks 
509,513,"In the tranquility of Kyoto's bamboo forest, whispers of ancient Zen wisdom echo through the groves. ",Neutral,28-02-2023 16:20, KyotoBambooSeeker , Facebook , #Tranquility #ZenWisdom ,25,50, Japan ,2023,2,28,16,in the tranquility of kyotos bamboo forest whispers of ancient zen wisdom echo through the groves 
510,514,"Cruising the fjords of Norway, each icy landscape a breathtaking masterpiece of nature's grandeur. ",Positive,28-05-2018 18:30, NorwayFjordExplorer , Instagram , #Grandeur #IcyMasterpiece ,22,45, Norway ,2018,5,28,18,cruising the fjords of norway each icy landscape a breathtaking masterpiece of natures grandeur 
511,515,"At the front row of Adele's concert, each note of 'Someone Like You' resonates with soul-stirring emotion. ",Positive,15-09-2022 20:00, AdeleConcertGoer , Instagram , #Emotion #AdeleConcert ,40,80, USA ,2022,9,15,20,at the front row of adeles concert each note of someone like you resonates with soulstirring emotion 
512,516,"Dancing under the stars at Beyoncé's live show, feeling the power of 'Single Ladies' in every move. ",Positive,28-07-2019 21:30, BeyonceDancer , Twitter , #Energy #BeyonceConcert ,35,70, USA ,2019,7,28,21,dancing under the stars at beyoncés live show feeling the power of single ladies in every move 
513,517,"In the crowd of a Taylor Swift concert, the lyrics of 'Love Story' create an enchanting fairy tale. ",Positive,10-05-2021 19:45, SwiftieDreamer , Facebook , #Enchantment #TaylorSwift ,30,60, USA ,2021,5,10,19,in the crowd of a taylor swift concert the lyrics of love story create an enchanting fairy tale 
514,518,"Rocking out to the guitar solos at a Queen tribute concert, a journey back in time with Freddie's spirit. ",Neutral,02-12-2018 22:15, QueenTributeFan , Instagram , #Nostalgia #QueenTribute ,22,45, UK ,2018,12,2,22,rocking out to the guitar solos at a queen tribute concert a journey back in time with freddies spirit 
515,519,"Swaying to Ed Sheeran's acoustic melodies, a serene evening filled with 'Perfect' moments. ",Positive,18-08-2020 19:00, SheeranMelodyLover , Twitter , #Serenity #EdSheeranConcert ,18,35, UK ,2020,8,18,19,swaying to ed sheerans acoustic melodies a serene evening filled with perfect moments 
516,520,"Immersed in the pulsating beats of a Bruno Mars concert, where 'Uptown Funk' becomes a city of joy. ",Positive,28-03-2017 20:30, MarsJoyExplorer , Facebook , #Joy #BrunoMars ,28,55, USA ,2017,3,28,20,immersed in the pulsating beats of a bruno mars concert where uptown funk becomes a city of joy 
517,521,"At a Michael Jackson tribute show, moonwalking through the hits, a celebration of the King of Pop. ",Positive,15-01-2022 21:15, MJTributeDancer , Instagram , #Celebration #MJTribute ,25,50, USA ,2022,1,15,21,at a michael jackson tribute show moonwalking through the hits a celebration of the king of pop 
518,522,"Swinging to the rhythms of a Frank Sinatra tribute, feeling the timeless charm of 'Fly Me to the Moon'. ",Positive,10-06-2019 18:45, SinatraCharmListener , Twitter , #Charm #SinatraTribute ,22,45, USA ,2019,6,10,18,swinging to the rhythms of a frank sinatra tribute feeling the timeless charm of fly me to the moon 
519,523,"In the mosh pit of a Metallica concert, the thunderous chords create a symphony of headbanging ecstasy. ",Positive,20-03-2023 22:30, MetallicaMoshWarrior , Facebook , #Ecstasy #MetallicaConcert ,35,70, USA ,2023,3,20,22,in the mosh pit of a metallica concert the thunderous chords create a symphony of headbanging ecstasy 
520,524,"Experiencing the magic of a Coldplay concert, where 'Fix You' becomes a beacon of hope in the night. ",Positive,28-11-2016 19:00, ColdplayHopeSeeker , Instagram , #Hope #ColdplayMagic ,30,60, UK ,2016,11,28,19,experiencing the magic of a coldplay concert where fix you becomes a beacon of hope in the night 
521,525,"At a Justin Bieber concert, the infectious beats of 'Baby' create a dance floor of unbridled enthusiasm. ",Positive,05-08-2018 20:00, BieberDanceEnthusiast , Instagram , #Enthusiasm #JustinBieber ,40,80, Canada ,2018,8,5,20,at a justin bieber concert the infectious beats of baby create a dance floor of unbridled enthusiasm 
522,526,"In the spotlight at a Lady Gaga show, each costume change is a metamorphosis of creativity and artistry. ",Positive,15-04-2021 21:30, GagaArtisticChameleon , Twitter , #Creativity #LadyGaga ,35,70, USA ,2021,4,15,21,in the spotlight at a lady gaga show each costume change is a metamorphosis of creativity and artistry 
523,527,"Immersed in the soulful melodies of Adele, tears flow freely, moved by the emotion of 'Hello'. ",Neutral,28-11-2019 19:45, AdeleMelodyTearjerker , Facebook , #Emotion #AdeleMelodies ,30,60, UK ,2019,11,28,19,immersed in the soulful melodies of adele tears flow freely moved by the emotion of hello 
524,528,"Drenched in confetti at a Katy Perry concert, a kaleidoscope of colors igniting the night sky. ",Positive,22-06-2020 22:00, KatyPerryColorExplosion , Instagram , #Colorful #KatyPerry ,22,45, USA ,2020,6,22,22,drenched in confetti at a katy perry concert a kaleidoscope of colors igniting the night sky 
525,529,"In the audience of a Jay-Z performance, the lyrics of 'Empire State of Mind' become an anthem of pride. ",Positive,10-09-2017 20:15, JayZEmpireListener , Twitter , #Pride #JayZAnthem ,18,35, USA ,2017,9,10,20,in the audience of a jayz performance the lyrics of empire state of mind become an anthem of pride 
526,530,"Dancing to Shakira's rhythmic beats, hips swaying to the hypnotic charm of 'Hips Don't Lie'. ",Neutral,28-02-2022 21:15, ShakiraHipsDancer , Facebook , #Hypnotic #ShakiraRhythms ,28,55, Colombia ,2022,2,28,21,dancing to shakiras rhythmic beats hips swaying to the hypnotic charm of hips dont lie 
527,531,"At a U2 concert, the anthemic chords of 'With or Without You' create a timeless moment of connection. ",Positive,15-05-2016 19:30, U2ConnectionSeeker , Instagram , #Connection #U2Anthem ,25,50, Ireland ,2016,5,15,19,at a u2 concert the anthemic chords of with or without you create a timeless moment of connection 
528,532,"Rocking out at a Guns N' Roses show, the iconic riffs of 'Sweet Child o' Mine' echoing in the night. ",Positive,10-12-2018 22:30, GunsNRosesRiffRockstar , Twitter , #Iconic #GNRConcert ,22,45, USA ,2018,12,10,22,rocking out at a guns n roses show the iconic riffs of sweet child o mine echoing in the night 
529,533,"In the crowd of an Ariana Grande concert, the high notes of 'Into You' create a euphoric symphony. ",Positive,22-01-2023 20:00, ArianaEuphoriaChaser , Facebook , #Euphoria #ArianaGrande ,35,70, USA ,2023,1,22,20,in the crowd of an ariana grande concert the high notes of into you create a euphoric symphony 
530,534,"Swaying to the reggae vibes of Bob Marley's tribute concert, each chord a journey to Jamaica's soul. ",Neutral,05-03-2020 18:45, MarleyReggaeTraveler , Instagram , #Journey #BobMarleyTribute ,30,60, Jamaica ,2020,3,5,18,swaying to the reggae vibes of bob marleys tribute concert each chord a journey to jamaicas soul 
531,535,"Captivated by the spellbinding plot twists, the audience applauds, experiencing a rollercoaster of emotions at the movie premiere. ",Positive,12-10-2018 20:00, MovieEnthusiastPremiereAttendee , Twitter , #Excitement #MoviePremiereThrills ,40,80, USA ,2018,10,12,20,captivated by the spellbinding plot twists the audience applauds experiencing a rollercoaster of emotions at the movie premiere 
532,536,"As the credits roll, a profound sense of nostalgia washes over, reminiscent of cherished moments in classic films. ",Positive,25-06-2019 22:15, FilmLoverNostalgiaSeeker , Instagram , #Nostalgia #ClassicFilmMoments ,35,70, UK ,2019,6,25,22,as the credits roll a profound sense of nostalgia washes over reminiscent of cherished moments in classic films 
533,537,"Streaming the latest web series, the viewer is engrossed in the characters' journey, feeling a sense of connection and empathy. ",Positive,08-07-2020 19:30, WebSeriesViewerCharacterConnection , Facebook , #Engagement #WebSeriesJourney ,30,60, Canada ,2020,7,8,19,streaming the latest web series the viewer is engrossed in the characters journey feeling a sense of connection and empathy 
534,538,"At the film festival, the indie filmmaker's creation receives a standing ovation, evoking pride and a sense of accomplishment. ",Positive,18-09-2017 21:45, IndieFilmmakerFestivalSuccess , Twitter , #Pride #IndieFilmSuccess ,22,45, Australia ,2017,9,18,21,at the film festival the indie filmmakers creation receives a standing ovation evoking pride and a sense of accomplishment 
535,539,"Watching a heartwarming family drama, tears flow freely as the characters overcome challenges, leaving the viewer with a warm glow. ",Positive,15-01-2021 18:00, DramaEnthusiastHeartwarmingMoments , Instagram , #Touched #FamilyDramaMoments ,28,55, India ,2021,1,15,18,watching a heartwarming family drama tears flow freely as the characters overcome challenges leaving the viewer with a warm glow 
536,540,"At the Oscars, the actor graciously accepts an award, radiating joy and gratitude for the recognition of their outstanding performance. ",Positive,28-02-2016 20:30, AwardWinningActorOscarsRecipient , Facebook , #Gratitude #OscarWinningMoment ,18,35, USA ,2016,2,28,20,at the oscars the actor graciously accepts an award radiating joy and gratitude for the recognition of their outstanding performance 
537,541,"Discovering a hidden gem in the world of documentaries, the viewer is enlightened and inspired, feeling a renewed sense of curiosity. ",Positive,20-04-2022 17:30, DocumentaryEnthusiastHiddenGemFinder , Twitter , #Inspiration #HiddenGemDiscovery ,22,45, France ,2022,4,20,17,discovering a hidden gem in the world of documentaries the viewer is enlightened and inspired feeling a renewed sense of curiosity 
538,542,"As the movie credits roll, the viewer experiences a mix of awe and contemplation, pondering the deeper meanings woven into the storyline. ",Neutral,05-11-2019 21:15, FilmBuffContemplativeViewer , Instagram , #Contemplation #DeepMeanings ,28,55, Germany ,2019,11,5,21,as the movie credits roll the viewer experiences a mix of awe and contemplation pondering the deeper meanings woven into the storyline 
539,543,"Binge-watching a thrilling crime series, the suspense keeps the viewer on the edge of their seat, creating a rush of adrenaline. ",Positive,12-07-2015 22:00, CrimeSeriesEnthusiastThrillSeeker , Facebook , #Suspense #CrimeSeriesThrills ,35,70, Japan ,2015,7,12,22,bingewatching a thrilling crime series the suspense keeps the viewer on the edge of their seat creating a rush of adrenaline 
540,544,"As the closing scene unfolds, a sense of satisfaction washes over, completing the cinematic journey with a profound and fulfilling ending. ",Positive,10-09-2020 19:45, FilmCriticSatisfactionSeeker , Twitter , #Satisfaction #FulfillingEnding ,22,45, Brazil ,2020,9,10,19,as the closing scene unfolds a sense of satisfaction washes over completing the cinematic journey with a profound and fulfilling ending 
541,545,"Celebrating a historic victory in the World Cup, the nation erupts in joy, united by the triumph of their football team. ",Positive,15-07-2018 21:30, FootballFanWorldCupCelebration , Instagram , #Joy #WorldCupTriumph ,40,80, Brazil ,2018,7,15,21,celebrating a historic victory in the world cup the nation erupts in joy united by the triumph of their football team 
542,546,"At the Olympics, the athlete's perseverance shines through, earning a gold medal and inspiring a generation with their remarkable achievement. ",Positive,08-08-2020 19:45, OlympicsEnthusiastGoldMedalWinner , Twitter , #Inspiration #OlympicAchievement ,35,70, USA ,2020,8,8,19,at the olympics the athletes perseverance shines through earning a gold medal and inspiring a generation with their remarkable achievement 
543,547,"In the cricket championship, a nail-biting finish leaves fans on the edge of their seats, experiencing a rollercoaster of emotions. ",Neutral,25-06-2019 22:15, CricketFanChampionshipThrills , Facebook , #Excitement #CricketChampionship ,30,60, India ,2019,6,25,22,in the cricket championship a nailbiting finish leaves fans on the edge of their seats experiencing a rollercoaster of emotions 
544,548,"Witnessing a record-breaking marathon, spectators are filled with awe and admiration for the endurance and dedication of the runners. ",Positive,07-11-2021 17:30, MarathonSpectatorRecordBreaking , Instagram , #Admiration #MarathonRecords ,22,45, Kenya ,2021,11,7,17,witnessing a recordbreaking marathon spectators are filled with awe and admiration for the endurance and dedication of the runners 
545,549,"In the tennis grand slam, a fierce rivalry unfolds, captivating fans with a display of skill and sportsmanship on the world stage. ",Positive,10-09-2017 20:15, TennisEnthusiastGrandSlamDrama , Twitter , #Captivation #TennisRivalry ,28,55, UK ,2017,9,10,20,in the tennis grand slam a fierce rivalry unfolds captivating fans with a display of skill and sportsmanship on the world stage 
546,550,"Cheering for the underdog in the basketball finals, the crowd erupts in applause as the team defies odds to claim the championship title. ",Positive,20-06-2022 21:00, BasketballFanUnderdogTriumph , Facebook , #Triumph #BasketballFinals ,18,35, USA ,2022,6,20,21,cheering for the underdog in the basketball finals the crowd erupts in applause as the team defies odds to claim the championship title 
547,551,"At the golf tournament, the golfer's precision and focus lead to a stunning victory, leaving spectators in awe of their exceptional skill. ",Positive,10-04-2016 18:30, GolfEnthusiastPrecisionVictory , Instagram , #Awe #GolfVictory ,22,45, Scotland ,2016,4,10,18,at the golf tournament the golfers precision and focus lead to a stunning victory leaving spectators in awe of their exceptional skill 
548,552,"Experiencing the thrill of a high-speed Formula 1 race, fans are on the edge of their seats as drivers compete for the championship. ",Positive,24-11-2019 19:45, F1FanHighSpeedRaceExcitement , Twitter , #Thrill #Formula1Championship ,28,55, Germany ,2019,11,24,19,experiencing the thrill of a highspeed formula 1 race fans are on the edge of their seats as drivers compete for the championship 
549,553,"In the cycling world championship, the climber conquers challenging terrains, symbolizing determination and achievement against all odds. ",Positive,28-09-2015 22:30, CyclingEnthusiastWorldChampion , Facebook , #Determination #CyclingChampion ,35,70, Italy ,2015,9,28,22,in the cycling world championship the climber conquers challenging terrains symbolizing determination and achievement against all odds 
550,554,"Witnessing a heartwarming comeback in the hockey finals, fans share tears of joy as the team secures a historic victory after adversity. ",Positive,12-12-2020 20:00, HockeyFanComebackVictory , Instagram , #Heartwarming #HockeyFinalsComeback ,22,45, Canada ,2020,12,12,20,witnessing a heartwarming comeback in the hockey finals fans share tears of joy as the team secures a historic victory after adversity 
551,555,"After a series of defeats, the soccer team faces disappointment, struggling to find the silver lining in a challenging season. ",Negative,02-11-2019 18:45, SoccerFanTeamDefeats , Twitter , #Disappointment #SoccerDefeats ,40,80, Brazil ,2019,11,2,18,after a series of defeats the soccer team faces disappointment struggling to find the silver lining in a challenging season 
552,556,"In the tennis tournament, a highly anticipated player experiences a setback, leaving fans in shock and questioning the unforeseen turn of events. ",Negative,10-07-2018 21:15, TennisEnthusiastUnexpectedSetback , Instagram , #Frustration #TennisSetback ,35,70, USA ,2018,7,10,21,in the tennis tournament a highly anticipated player experiences a setback leaving fans in shock and questioning the unforeseen turn of events 
553,557,"Facing a defeat in the championship, the boxer reflects on the challenges, vowing to return stronger and more determined in the next bout. ",Neutral,18-09-2020 19:30, BoxingFanChampionshipDefeat , Facebook , #Reflection #BoxingDefeat ,30,60, UK ,2020,9,18,19,facing a defeat in the championship the boxer reflects on the challenges vowing to return stronger and more determined in the next bout 
554,558,"In the midst of a cycling race, a tire blowout leads to frustration for the cyclist, who valiantly tries to overcome the unexpected obstacle. ",Negative,15-05-2017 22:00, CyclingEnthusiastTireBlowout , Twitter , #Obstacle #CyclingFrustration ,22,45, France ,2017,5,15,22,in the midst of a cycling race a tire blowout leads to frustration for the cyclist who valiantly tries to overcome the unexpected obstacle 
555,559,"The gymnast's unexpected fall during a routine sparks a wave of sympathy from the audience, highlighting the vulnerability of sports. ",Neutral,05-04-2021 20:15, GymnasticsFanRoutineFall , Instagram , #Sympathy #GymnasticsFall ,28,55, Japan ,2021,4,5,20,the gymnasts unexpected fall during a routine sparks a wave of sympathy from the audience highlighting the vulnerability of sports 
556,560,"In the golf tournament, a missed crucial putt results in defeat, causing the golfer to reflect on the pressure of high-stakes competition. ",Negative,20-08-2016 18:30, GolfEnthusiastMissedPutt , Facebook , #Pressure #GolfDefeat ,18,35, USA ,2016,8,20,18,in the golf tournament a missed crucial putt results in defeat causing the golfer to reflect on the pressure of highstakes competition 
557,561,"Experiencing a series of losses in the basketball season, the team grapples with frustration, determined to turn the tide with renewed effort. ",Neutral,12-02-2019 19:45, BasketballFanTeamLosses , Twitter , #RenewedEffort #BasketballStruggles ,22,45, Canada ,2019,2,12,19,experiencing a series of losses in the basketball season the team grapples with frustration determined to turn the tide with renewed effort 
558,562,"Despite meticulous training, the swimmer faces disappointment as a split-second miscalculation costs them the lead in a crucial race. ",Negative,28-06-2015 20:00, SwimmingEnthusiastRaceSetback , Instagram , #Miscalculation #SwimmingDisappointment ,28,55, Australia ,2015,6,28,20,despite meticulous training the swimmer faces disappointment as a splitsecond miscalculation costs them the lead in a crucial race 
559,563,"The weightlifter's failed attempt at a personal record results in frustration, highlighting the challenging nature of pushing physical limits. ",Negative,08-01-2022 21:30, WeightliftingFanFailedRecord , Facebook , #Challenge #WeightliftingFailure ,35,70, Germany ,2022,1,8,21,the weightlifters failed attempt at a personal record results in frustration highlighting the challenging nature of pushing physical limits 
560,564,"In the midst of a soccer match, an unexpected own goal creates a moment of despair for the player, as teammates console and encourage them. ",Negative,15-12-2018 20:15, SoccerPlayerOwnGoalMoment , Twitter , #Despair #OwnGoal ,22,45, Spain ,2018,12,15,20,in the midst of a soccer match an unexpected own goal creates a moment of despair for the player as teammates console and encourage them 
561,565,"In the serene beauty of a sunset, nature unfolds a canvas of colors, evoking a sense of tranquility and wonder. ",Positive,10-07-2021 19:00, NatureEnthusiastSunsetWonder , Instagram , #Tranquility #SunsetBeauty ,40,80, Canada ,2021,7,10,19,in the serene beauty of a sunset nature unfolds a canvas of colors evoking a sense of tranquility and wonder 
562,566,"Embarking on a spontaneous road trip, the traveler discovers hidden gems, creating memories that will be cherished for a lifetime. ",Positive,28-09-2019 20:30, TravelEnthusiastRoadTripDiscovery , Twitter , #Adventure #RoadTripMemories ,35,70, USA ,2019,9,28,20,embarking on a spontaneous road trip the traveler discovers hidden gems creating memories that will be cherished for a lifetime 
563,567,"Amidst the bustling city, a quiet café becomes a sanctuary for reflection, where a cup of coffee brings solace to the wandering mind. ",Positive,15-03-2022 18:45, UrbanExplorerCafeSolitude , Facebook , #Solace #CafeReflection ,30,60, France ,2022,3,15,18,amidst the bustling city a quiet café becomes a sanctuary for reflection where a cup of coffee brings solace to the wandering mind 
564,568,"Exploring the vibrant street art of a cultural neighborhood, each mural tells a story, infusing the city with creativity and expression. ",Positive,05-11-2017 21:15, ArtEnthusiastStreetArtExploration , Instagram , #Creativity #StreetArtVibes ,22,45, Brazil ,2017,11,5,21,exploring the vibrant street art of a cultural neighborhood each mural tells a story infusing the city with creativity and expression 
565,569,"In the world of science, a breakthrough discovery unfolds, pushing the boundaries of knowledge and opening new frontiers of exploration. ",Positive,20-05-2020 16:30, ScienceEnthusiastDiscoveryMoment , Twitter , #Breakthrough #ScientificDiscovery ,28,55, Germany ,2020,5,20,16,in the world of science a breakthrough discovery unfolds pushing the boundaries of knowledge and opening new frontiers of exploration 
566,570,"Connecting with the melody of a live orchestra, the music enthusiast experiences a symphony that resonates deep within the soul. ",Positive,22-08-2016 19:45, MusicLoverLiveOrchestraExperience , Facebook , #Harmony #OrchestraMelody ,18,35, UK ,2016,8,22,19,connecting with the melody of a live orchestra the music enthusiast experiences a symphony that resonates deep within the soul 
567,571,"Embracing the aroma of freshly baked bread, the home chef finds joy in the art of baking, creating delicious memories for loved ones. ",Positive,10-04-2023 17:15, HomeBakerDeliciousMemories , Instagram , #JoyInBaking #HomemadeDelights ,22,45, India ,2023,4,10,17,embracing the aroma of freshly baked bread the home chef finds joy in the art of baking creating delicious memories for loved ones 
568,572,"Wandering through a historical museum, the history enthusiast becomes immersed in the tales of the past, envisioning bygone eras. ",Neutral,18-12-2015 18:00, HistoryBuffMuseumExploration , Twitter , #EnvisioningHistory #MuseumTales ,28,55, Italy ,2015,12,18,18,wandering through a historical museum the history enthusiast becomes immersed in the tales of the past envisioning bygone eras 
569,573,"In the realm of literature, a captivating novel transports the reader to distant lands, weaving a tapestry of imagination and escape. ",Neutral,08-10-2021 20:30, BookwormCaptivatingNovelEscape , Facebook , #Imagination #LiteraryEscape ,35,70, Japan ,2021,10,8,20,in the realm of literature a captivating novel transports the reader to distant lands weaving a tapestry of imagination and escape 
570,574,"Capturing the essence of a bustling market, the photographer freezes moments in time, each frame telling a unique and vibrant story. ",Positive,22-03-2019 21:45, PhotographyEnthusiastMarketMoments , Instagram , #Vibrancy #MarketStories ,22,45, Australia ,2019,3,22,21,capturing the essence of a bustling market the photographer freezes moments in time each frame telling a unique and vibrant story 
571,575,"Underneath the city lights, the dancer expresses emotions through graceful movements, creating a mesmerizing performance under the night sky. ",Positive,15-06-2018 22:00, DanceEnthusiastCityNightPerformance , Twitter , #Mesmerizing #NightDancePerformance ,40,80, USA ,2018,6,15,22,underneath the city lights the dancer expresses emotions through graceful movements creating a mesmerizing performance under the night sky 
572,576,"In the heart of a bustling market, the street food connoisseur indulges in a culinary adventure, savoring diverse flavors and aromas. ",Positive,28-08-2019 19:30, FoodieMarketStreetFoodExploration , Instagram , #CulinaryAdventure #StreetFoodDelights ,35,70, Thailand ,2019,8,28,19,in the heart of a bustling market the street food connoisseur indulges in a culinary adventure savoring diverse flavors and aromas 
573,577,"As the first snowflake descends, the winter enthusiast eagerly prepares for a season of frosty delights, anticipating the magic of snow-covered landscapes. ",Positive,01-12-2022 17:45, SnowLoverWinterEnthusiast , Facebook , #WinterMagic #SnowyLandscapes ,30,60, Canada ,2022,12,1,17,as the first snowflake descends the winter enthusiast eagerly prepares for a season of frosty delights anticipating the magic of snowcovered landscapes 
574,578,"Amidst the pages of a captivating mystery novel, the reader unravels clues and secrets, experiencing a thrilling journey of suspense and revelation. ",Positive,10-04-2017 21:15, MysteryBookwormSuspensefulRead , Twitter , #ThrillingJourney #MysteryNovel ,22,45, UK ,2017,4,10,21,amidst the pages of a captivating mystery novel the reader unravels clues and secrets experiencing a thrilling journey of suspense and revelation 
575,579,"Surrounded by the vibrant colors of a flower garden, the gardener nurtures blossoms, finding joy in the beauty of nature's ever-changing canvas. ",Positive,15-05-2020 18:30, GardeningEnthusiastFlowerGarden , Instagram , #NaturesBeauty #FloralJoy ,28,55, Australia ,2020,5,15,18,surrounded by the vibrant colors of a flower garden the gardener nurtures blossoms finding joy in the beauty of natures everchanging canvas 
576,580,"At the astronomy observatory, the stargazer marvels at the vastness of the cosmos, contemplating the mysteries hidden within the celestial expanse. ",Positive,22-09-2016 20:00, AstronomyEnthusiastStargazing , Facebook , #CelestialWonder #Stargazing ,18,35, USA ,2016,9,22,20,at the astronomy observatory the stargazer marvels at the vastness of the cosmos contemplating the mysteries hidden within the celestial expanse 
577,581,"Engulfed in the aroma of freshly brewed coffee, the writer finds inspiration in every sip, embarking on a journey of creativity and prose. ",Positive,12-02-2023 19:45, CoffeeLoverWritersRetreat , Twitter , #CreativeInspiration #CoffeeJourney ,22,45, France ,2023,2,12,19,engulfed in the aroma of freshly brewed coffee the writer finds inspiration in every sip embarking on a journey of creativity and prose 
578,582,"In the realm of fashion, the designer unveils a collection that tells a story, blending innovation and tradition on the runway of creativity. ",Positive,10-11-2015 21:00, FashionEnthusiastDesignerShowcase , Instagram , #RunwayCreativity #FashionInnovation ,28,55, Italy ,2015,11,10,21,in the realm of fashion the designer unveils a collection that tells a story blending innovation and tradition on the runway of creativity 
579,583,"As the waves crash against the shore, the surfer embraces the thrill of riding the ocean's energy, capturing the essence of freedom in each wave. ",Positive,20-07-2021 18:15, SurfingEnthusiastWaveRider , Facebook , #OceansFreedom #SurfingThrills ,22,45, Brazil ,2021,7,20,18,as the waves crash against the shore the surfer embraces the thrill of riding the oceans energy capturing the essence of freedom in each wave 
580,584,"Exploring the historical architecture of an ancient city, the traveler is transported to a bygone era, where each monument whispers tales of the past. ",Neutral,18-04-2019 20:30, HistoryExplorerAncientCityTour , Twitter , #WhispersOfThePast #HistoricalTour ,35,70, Greece ,2019,4,18,20,exploring the historical architecture of an ancient city the traveler is transported to a bygone era where each monument whispers tales of the past 
581,585,Successfully avoided eye contact with my crush in the hallway. Mission accomplished. #TeenCrush #StealthMode ,Positive,20-05-2023 19:45, CrushAvoider , Twitter , #CrushStruggles #AvoidingEyeContact ,15,30, USA,2023,5,20,19,successfully avoided eye contact with my crush in the hallway mission accomplished   
582,586,Ran out of snacks during a movie marathon. Crisis level: Emergency! #MovieNightStruggles #TeenProblems ,Negative,21-05-2023 21:00, MovieBuff , Instagram , #SnackCrisis #TeenLife ,18,35, Canada,2023,5,21,21,ran out of snacks during a movie marathon crisis level emergency   
583,587,Spent an hour choosing the perfect filter for a selfie. The struggle for that Instagram aesthetic is real. #SelfieQueen #TeenVibes ,Negative,22-05-2023 14:30, SelfieAddict , Facebook , #SelfieStruggle #TeenConfessions ,22,45, UK,2023,5,22,14,spent an hour choosing the perfect filter for a selfie the struggle for that instagram aesthetic is real   
584,588,Lost my headphones again. How do they vanish into thin air? #HeadphoneMystery #TeenLife ,Negative,23-05-2023 16:45, AudioExplorer , Twitter , #TeenProblems #LostHeadphones ,20,40, USA,2023,5,23,16,lost my headphones again how do they vanish into thin air   
585,589,Decided to study for exams but ended up making memes about studying instead. Procrastination level: Expert. #ProcrastinationNation #TeenConfessions ,Negative,24-05-2023 13:15, MemeCreator , Instagram , #StudyingMemes #TeenLife ,25,50, Canada,2023,5,24,13,decided to study for exams but ended up making memes about studying instead procrastination level expert   
586,590,"Got dressed for the day, then remembered it's Saturday. Oops. #WeekendVibes #TeenStruggles ",Neutral,25-05-2023 19:00, FashionBlunder , Facebook , #WeekendOops #TeenFashion ,20,40, USA,2023,5,25,19,got dressed for the day then remembered its saturday oops   
587,591,Survived a group project without any drama. Miracles do happen. #GroupProjectSuccess #TeenAchievements ,Positive,26-05-2023 14:20, GroupGenius , Twitter , #TeenSuccess #ProjectMiracle ,28,55, UK,2023,5,26,14,survived a group project without any drama miracles do happen   
588,592,"Entered the kitchen with the intention to cook. Left with a bag of chips. Cooking is overrated, anyway. #MasterChefInTraining #TeenHumor ",Negative,27-05-2023 21:15, ChipExplorer , Instagram , #TeenChef #CookingFail ,22,45, Canada,2023,5,27,21,entered the kitchen with the intention to cook left with a bag of chips cooking is overrated anyway   
589,593,"Staring at the clock in class, waiting for the bell to ring like it's the most exciting event of the day. #ClassCountdown #TeenLife ",Positive,28-05-2023 12:00, ExcitementSeeker , Facebook , #ClassEvent #TeenExcitement ,18,35, USA,2023,5,28,12,staring at the clock in class waiting for the bell to ring like its the most exciting event of the day   
590,594,"Discovered a new book series and spent the whole night reading. Who needs sleep, anyway? #BookwormLife #LateNightReading ",Positive,29-05-2023 23:30, NightReader , Twitter , #BookDiscoveries #TeenReading ,30,60, UK,2023,5,29,23,discovered a new book series and spent the whole night reading who needs sleep anyway   
591,595,"Bought a new video game, played for hours, forgot to eat. The ultimate gaming session. #GamerLife #NoFoodGaming ",Neutral,30-05-2023 20:45, GamingEnthusiast , Instagram , #GameOn #TeenGamer ,22,45, USA,2023,5,30,20,bought a new video game played for hours forgot to eat the ultimate gaming session   
592,596,Spent the day binge-watching a new series. Productivity level: Zero. #LazyDay #TVSeriesMarathon ,Negative,31-05-2023 15:30, LazyWatcher , Facebook , #BingeWatchDay #TeenLife ,35,70, Canada,2023,5,31,15,spent the day bingewatching a new series productivity level zero   
593,597,Caught up on the latest fashion trends and now planning a shopping spree. #Fashionista #TrendyTeen ,Neutral,01-06-2023 18:00, TrendExplorer , Twitter , #FashionGoals #TeenStyle ,20,40, USA,2023,6,1,18,caught up on the latest fashion trends and now planning a shopping spree   
594,598,Decided to learn a new instrument. Day one: Still trying to figure out how to hold it. #MusicNovice #LearningJourney ,Neutral,02-06-2023 14:30, MusicalExplorer , Instagram , #InstrumentLearning #TeenMusic ,28,55, UK,2023,6,2,14,decided to learn a new instrument day one still trying to figure out how to hold it   
595,599,Spent hours creating the perfect playlist for every mood. Music is my therapy. #PlaylistMaker #TeenMusicLover ,Positive,03-06-2023 21:15, MusicAficionado , Facebook , #MusicTherapy #TeenPlaylist ,22,45, Canada,2023,6,3,21,spent hours creating the perfect playlist for every mood music is my therapy   
596,600,Successfully cooked a gourmet meal for the family. Chef skills unlocked! #ChefMode #TeenChef ,Positive,04-06-2023 19:30, HomeChef , Twitter , #CookingSuccess #TeenCook ,25,50, USA,2023,6,4,19,successfully cooked a gourmet meal for the family chef skills unlocked   
597,601,Spontaneously booked a weekend getaway. Adventure awaits! #TravelBug #WeekendEscape ,Positive,05-06-2023 10:00, AdventureSeeker , Instagram , #GetawayGoals #TeenTravel ,18,35, UK,2023,6,5,10,spontaneously booked a weekend getaway adventure awaits   
598,602,Attended a concert and danced the night away. Music is the heartbeat of life. #ConcertVibes #DanceAllNight ,Positive,06-06-2023 22:30, DanceEnthusiast , Facebook , #MusicMagic #TeenConcert ,28,55, Canada,2023,6,6,22,attended a concert and danced the night away music is the heartbeat of life   
599,603,Rediscovered childhood cartoons and had a nostalgia-filled marathon. #CartoonNostalgia #TeenMemories ,Positive,07-06-2023 12:45, NostalgiaExplorer , Twitter , #ChildhoodMemories #TeenCartoons ,22,45, USA,2023,6,7,12,rediscovered childhood cartoons and had a nostalgiafilled marathon   
600,604,Embarked on a DIY home decor project. Let's hope it turns out better than last time. #DIYAdventure #TeenHomeDecor ,Positive,08-06-2023 16:00, HomeDecorator , Instagram , #DIYGoals #TeenCreative ,35,70, UK,2023,6,8,16,embarked on a diy home decor project lets hope it turns out better than last time   
601,605,"Spent the afternoon at a museum, pretending to be cultured. Art enthusiast in the making. #MuseumDay #TeenArtLover ",Positive,09-06-2023 14:00, ArtExplorer , Facebook , #CulturalDay #TeenCuriosity ,20,40, USA,2023,6,9,14,spent the afternoon at a museum pretending to be cultured art enthusiast in the making   
602,606,Started a blog about random thoughts and musings. Blogging is the new diary. #BloggerLife #TeenBlogger ,Neutral,10-06-2023 17:30, ThoughtfulBlogger , Twitter , #BloggingJourney #TeenThoughts ,30,60, Canada,2023,6,10,17,started a blog about random thoughts and musings blogging is the new diary   
603,607,Relishing a peaceful afternoon with a classic novel. Quiet moments are the best moments. #BookLover #PeacefulAfternoon ,Positive,11-06-2023 15:30, NovelEnthusiast , Instagram , #QuietMoments #BookishEscape ,35,70, USA,2023,6,11,15,relishing a peaceful afternoon with a classic novel quiet moments are the best moments   
604,608,"Reflecting on a lifetime of memories, each wrinkle tells a story. Embracing the beauty of aging. #LifeReflections #BeautyInAging ",Positive,12-06-2023 18:00, WiseSoul , Twitter , #AgingGracefully #Memories ,28,55, UK,2023,6,12,18,reflecting on a lifetime of memories each wrinkle tells a story embracing the beauty of aging   
605,609,Exploring the world of digital art. It's never too late to discover new passions. #DigitalArtistry #LateBloomer ,Positive,13-06-2023 14:45, ArtAdventurer , Facebook , #ArtDiscovery #SeniorArtist ,22,45, Canada,2023,6,13,14,exploring the world of digital art its never too late to discover new passions   
606,610,Savoring the flavors of a home-cooked meal. Simple joys are the heart of happiness. #HomeCooking #SimpleJoys ,Positive,14-06-2023 19:30, HomeChefSenior , Instagram , #HappinessInFood #SeniorLife ,25,50, USA,2023,6,14,19,savoring the flavors of a homecooked meal simple joys are the heart of happiness   
607,611,Embarking on a journey of learning a new language. The mind stays young with every new word. #LanguageLearning #NeverTooLate ,Neutral,15-06-2023 12:15, LinguisticExplorer , Twitter , #MindEnrichment #SeniorLearning ,30,60, UK,2023,6,15,12,embarking on a journey of learning a new language the mind stays young with every new word   
608,612,"Attended a classical music concert, feeling the timeless melodies resonate. Music transcends generations. #ClassicalMusic #TimelessMelodies ",Positive,16-06-2023 21:45, MusicConnoisseur , Facebook , #MusicLover #SeniorConcert ,18,35, Canada,2023,6,16,21,attended a classical music concert feeling the timeless melodies resonate music transcends generations   
609,613,Capturing the beauty of nature through photography. Every snapshot is a treasure. #NaturePhotography #SeniorPhotographer ,Positive,17-06-2023 15:00, PhotographySenior , Instagram , #NatureCapture #SeniorMoments ,35,70, USA,2023,6,17,15,capturing the beauty of nature through photography every snapshot is a treasure   
610,614,"Reconnecting with old friends over a cup of tea. Friendship, the true essence of companionship. #OldFriends #Companionship ",Positive,18-06-2023 11:30, TeaTimeSenior , Twitter , #FriendshipGoals #SeniorBonding ,28,55, UK,2023,6,18,11,reconnecting with old friends over a cup of tea friendship the true essence of companionship   
611,615,"Embarked on a road trip to revisit cherished places from the past. Nostalgia, the ultimate travel companion. #RoadTrip #NostalgiaTour ",Positive,19-06-2023 16:30, RoadTripSenior , Facebook , #CherishedPlaces #SeniorTravel ,22,45, Canada,2023,6,19,16,embarked on a road trip to revisit cherished places from the past nostalgia the ultimate travel companion   
612,616,"Joined a community choir, harmonizing with fellow voices. Music creates bonds that withstand time. #CommunityChoir #HarmonyInAging ",Positive,20-06-2023 14:20, ChoirEnthusiast , Instagram , #MusicHarmony #SeniorVoices ,20,40, USA,2023,6,20,14,joined a community choir harmonizing with fellow voices music creates bonds that withstand time   
613,617,"Exploring the art of meditation, finding tranquility in the stillness of the mind. #MeditationJourney #TranquilMind ",Neutral,21-06-2023 19:00, MeditationSenior , Twitter , #MindfulLiving #SeniorCalm ,18,35, UK,2023,6,21,19,exploring the art of meditation finding tranquility in the stillness of the mind   
614,618,"Taking a stroll in the garden, appreciating the beauty of blooming flowers. Nature's wonders never cease. #GardenWalk #FloralBeauty ",Positive,22-06-2023 13:45, GardenEnthusiast , Facebook , #NatureWonders #SeniorGarden ,25,50, USA,2023,6,22,13,taking a stroll in the garden appreciating the beauty of blooming flowers natures wonders never cease   
615,619,"Sipping on a favorite vintage wine, each sip telling a story of the years gone by. Cheers to a life well-lived. #WineLover #VintageCheers ",Positive,23-06-2023 18:45, WineConnoisseur , Instagram , #LifeWellLived #SeniorWine ,28,55, UK,2023,6,23,18,sipping on a favorite vintage wine each sip telling a story of the years gone by cheers to a life welllived   
616,620,"Participated in a community art class, unleashing creativity in the golden years. Art has no age limit. #ArtClass #SeniorArtistry ",Positive,24-06-2023 16:15, ArtisticSenior , Twitter , #CreativityAtAnyAge #SeniorCreativity ,22,45, Canada,2023,6,24,16,participated in a community art class unleashing creativity in the golden years art has no age limit   
617,621,"Embarking on a journey of writing a memoir, documenting a lifetime of experiences. Every story matters. #MemoirWriting #SeniorStories ",Neutral,25-06-2023 20:30, MemoiristSenior , Facebook , #LifetimeExperiences #SeniorMemoir ,35,70, USA,2023,6,25,20,embarking on a journey of writing a memoir documenting a lifetime of experiences every story matters   
618,622,"Attended a lecture on history, always fascinated by the lessons from the past. Learning is a lifelong adventure. #HistoryLecture #SeniorLearning ",Positive,26-06-2023 14:00, HistoryEnthusiast , Instagram , #LifetimeAdventure #SeniorCuriosity ,30,60, UK,2023,6,26,14,attended a lecture on history always fascinated by the lessons from the past learning is a lifelong adventure   
619,623,"Rediscovered the joy of cooking traditional family recipes. The kitchen, a place of cherished memories. #FamilyRecipes #SeniorCooking ",Positive,27-06-2023 17:45, FamilyChefSenior , Twitter , #KitchenMemories #SeniorCulinary ,20,40, USA,2023,6,27,17,rediscovered the joy of cooking traditional family recipes the kitchen a place of cherished memories   
620,624,"Joined a nature photography club, capturing the beauty of the great outdoors. Every click is a connection to nature. #NaturePhotography #SeniorPhotographer ",Positive,28-06-2023 22:15, NaturePhotographySenior , Facebook , #OutdoorBeauty #SeniorClicks ,18,35, UK,2023,6,28,22,joined a nature photography club capturing the beauty of the great outdoors every click is a connection to nature   
621,625,"Attended a jazz concert and swayed to the rhythm of timeless tunes. Music, a constant companion in the golden years. #JazzConcert #SeniorMusic ",Positive,29-06-2023 16:30, JazzMusicLover , Instagram , #TimelessTunes #SeniorJazz ,25,50, USA,2023,6,29,16,attended a jazz concert and swayed to the rhythm of timeless tunes music a constant companion in the golden years   
622,626,"Joined a writing group, penning down thoughts and reflections. Writing, a journey into the depths of the soul. #WritingGroup #SeniorWriter ",Neutral,30-06-2023 19:30, SeniorWordsmith , Twitter , #SoulfulWriting #SeniorReflections ,28,55, UK,2023,6,30,19,joined a writing group penning down thoughts and reflections writing a journey into the depths of the soul   
623,627,"Embarked on a solo travel adventure, discovering the beauty of new places at my own pace. #SoloTravel #SeniorExplorer ",Positive,01-07-2023 14:00, SoloAdventurer , Instagram , #DiscoverNewPlaces #SeniorTravel ,30,60, USA,2023,7,1,14,embarked on a solo travel adventure discovering the beauty of new places at my own pace   
624,628,"Attended a vintage car show, reminiscing about the classics that once ruled the roads. Nostalgia in every rev. #VintageCars #ClassicRides ",Positive,02-07-2023 18:30, CarEnthusiastSenior , Facebook , #RoadTripDownMemoryLane #SeniorCars ,22,45, UK,2023,7,2,18,attended a vintage car show reminiscing about the classics that once ruled the roads nostalgia in every rev   
625,629,"Started a community garden, growing not just plants but friendships too. Green thumbs unite! #CommunityGarden #SeniorGardener ",Positive,03-07-2023 12:45, GreenThumbSenior , Twitter , #GardenFriends #SeniorGreenThumb ,28,55, Canada,2023,7,3,12,started a community garden growing not just plants but friendships too green thumbs unite   
626,630,"Hosted a family dinner, where laughter echoed louder than the clinking of utensils. Family, the heart of happiness. #FamilyDinner #SeniorHost ",Positive,04-07-2023 17:00, FamilyHostSenior , Instagram , #HeartwarmingMoments #SeniorFamily ,35,70, USA,2023,7,4,17,hosted a family dinner where laughter echoed louder than the clinking of utensils family the heart of happiness   
627,631,"Enrolled in a dance class for seniors, moving to the rhythm of life. Age is just a number on the dance floor. #DanceClass #SeniorDancer ",Neutral,05-07-2023 20:15, DanceEnthusiastSenior , Twitter , #DanceLife #SeniorMoves ,18,35, UK,2023,7,5,20,enrolled in a dance class for seniors moving to the rhythm of life age is just a number on the dance floor   
628,632,"Visited an art gallery, appreciating the brushstrokes that tell tales of creativity. Art, an eternal companion. #ArtGallery #SeniorArtLover ",Positive,06-07-2023 14:30, ArtGalleryVisitor , Facebook , #CreativeExpressions #SeniorArt ,25,50, USA,2023,7,6,14,visited an art gallery appreciating the brushstrokes that tell tales of creativity art an eternal companion   
629,633,"Started a book club for seniors, where discussions are as lively as the characters in the novels. #BookClub #SeniorReaders ",Positive,07-07-2023 19:45, SeniorBookClub , Instagram , #BookishTalks #SeniorBookworms ,22,45, UK,2023,7,7,19,started a book club for seniors where discussions are as lively as the characters in the novels   
630,634,"Hosted a picnic in the park, basking in the warmth of friendship and sunshine. Simple joys, timeless memories. #ParkPicnic #SeniorJoy ",Positive,08-07-2023 16:00, SeniorPicnicHost , Twitter , #FriendshipSunshine #SeniorMemories ,30,60, Canada,2023,7,8,16,hosted a picnic in the park basking in the warmth of friendship and sunshine simple joys timeless memories   
631,635,"Participated in a local theater production, proving that the stage belongs to every age. #TheaterProduction #SeniorActor ",Positive,09-07-2023 22:30, SeniorActor , Facebook , #StagePassion #SeniorTheater ,20,40, USA,2023,7,9,22,participated in a local theater production proving that the stage belongs to every age   
632,636,"Embarked on a hiking adventure, conquering trails and relishing the beauty of nature. Age is just a number on the mountaintop. #HikingAdventure #SeniorHiker ",Positive,10-07-2023 14:20, SeniorHikerExplorer , Instagram , #NatureTrailBlazer #SeniorExplorer ,28,55, UK,2023,7,10,14,embarked on a hiking adventure conquering trails and relishing the beauty of nature age is just a number on the mountaintop   
633,637,Hosted a photography exhibition featuring snapshots of a life well-lived. Every photo has a story to tell. #PhotographyExhibition #SeniorPhotographer ,Positive,11-07-2023 18:45, SeniorPhotographerExhibitor , Twitter , #LifeInPictures #SeniorExhibition ,22,45, Canada,2023,7,11,18,hosted a photography exhibition featuring snapshots of a life welllived every photo has a story to tell   
634,638,"Joined a seniors' cycling club, feeling the wind in my hair and the freedom of the open road. #CyclingClub #SeniorCyclist ",Neutral,12-07-2023 13:45, SeniorCyclingEnthusiast , Facebook , #OpenRoadAdventures #SeniorCycling ,25,50, USA,2023,7,12,13,joined a seniors cycling club feeling the wind in my hair and the freedom of the open road   
635,639,"Attended a wine tasting event, savoring the richness of flavors that age like fine wine. Cheers to the golden years! #WineTasting #SeniorWineLover ",Positive,13-07-2023 20:00, SeniorWineConnoisseur , Instagram , #AgedToPerfection #SeniorCheers ,35,70, UK,2023,7,13,20,attended a wine tasting event savoring the richness of flavors that age like fine wine cheers to the golden years   
636,640,"Started learning ballroom dancing, gliding gracefully across the dance floor. Ageless elegance in every step. #BallroomDancing #SeniorDancer ",Positive,14-07-2023 16:15, SeniorBallroomDancer , Twitter , #GracefulMoves #SeniorDance ,20,40, USA,2023,7,14,16,started learning ballroom dancing gliding gracefully across the dance floor ageless elegance in every step   
637,641,"Organized a community painting event, turning blank canvases into a masterpiece of shared creativity. #PaintingEvent #SeniorArtist ",Positive,15-07-2023 19:30, SeniorPaintingOrganizer , Facebook , #CommunityArt #SeniorCreativity ,28,55, Canada,2023,7,15,19,organized a community painting event turning blank canvases into a masterpiece of shared creativity   
638,642,"Hosted a 'memory lane' evening with old friends, reminiscing about the adventures that shaped our lives. #MemoryLane #SeniorReminiscing ",Positive,16-07-2023 14:00, SeniorMemoriesHost , Instagram , #FriendshipAdventures #SeniorNostalgia ,30,60, USA,2023,7,16,14,hosted a memory lane evening with old friends reminiscing about the adventures that shaped our lives   
639,643,"Joined a seniors' astronomy club, stargazing and finding wonder in the vastness of the cosmos. #AstronomyClub #SeniorStargazer ",Positive,17-07-2023 22:15, SeniorStargazer , Twitter , #CelestialWonders #SeniorAstronomy ,18,35, UK,2023,7,17,22,joined a seniors astronomy club stargazing and finding wonder in the vastness of the cosmos   
640,644,"Attended a local jazz festival, tapping toes to the tunes that have stood the test of time. Music, a lifelong love affair. #JazzFestival #SeniorMusicLover ",Positive,18-07-2023 16:30, SeniorJazzFestivalGoer , Facebook , #TimelessTunes #SeniorJazz ,25,50, USA,2023,7,18,16,attended a local jazz festival tapping toes to the tunes that have stood the test of time music a lifelong love affair   
641,645,"Started a blog sharing the wisdom gained through the years, proving that every day is a chance to learn and grow. #SeniorWisdom #Blog ",Positive,19-07-2023 19:45, WisdomBloggerSenior , Instagram , #LifeLessons #SeniorBlog ,22,45, UK,2023,7,19,19,started a blog sharing the wisdom gained through the years proving that every day is a chance to learn and grow   
642,646,"Participated in a charity run, proving that age is no barrier to supporting meaningful causes. #CharityRun #SeniorRunner ",Positive,20-07-2023 17:00, SeniorCharityRunner , Twitter , #RunForACause #SeniorSupport ,30,60, Canada,2023,7,20,17,participated in a charity run proving that age is no barrier to supporting meaningful causes   
643,647,"Survived a challenging physics exam. Equations, you won't defeat me! ",Positive,01-08-2023 13:30, PhysicsWhizHighSchool , Instagram , #PhysicsSurvivor #HighSchoolAdventures ,20,40, USA,2023,8,1,13,survived a challenging physics exam equations you wont defeat me 
644,648,Exploring the world of coding. Debugging is an adventure on its own! #CodingJourney #HighSchoolCoder ,Positive,02-08-2023 14:45, CodeExplorerHighSchool , Twitter , #CodingAdventure #HighSchoolCoderLife ,25,50, UK,2023,8,2,14,exploring the world of coding debugging is an adventure on its own   
645,649,"Joined the school debate team. Words are my weapons, and I'm ready for battle! ",Neutral,03-08-2023 12:15, DebateWarriorHighSchool , Facebook , #DebateWarrior #HighSchoolDebater ,18,35, Canada,2023,8,3,12,joined the school debate team words are my weapons and im ready for battle 
646,650,"Started a photography club at school. Capturing moments, one snapshot at a time! ",Neutral,04-08-2023 16:30, PhotoClubHighSchool , Instagram , #PhotographyClub #HighSchoolPhotographer ,22,45, USA,2023,8,4,16,started a photography club at school capturing moments one snapshot at a time 
647,651,"Daydreaming about the upcoming prom. The dress, the dance – it's a fairytale in the making! ",Positive,05-08-2023 19:45, PromDreamerHighSchool , Twitter , #PromDreams #HighSchoolFairytale ,30,60, Canada,2023,8,5,19,daydreaming about the upcoming prom the dress the dance – its a fairytale in the making 
648,652,Convinced the teacher to have class outdoors. Learning equations with a side of fresh air! ,Neutral,06-08-2023 14:00, OutdoorClassHighSchool , Facebook , #OutdoorClassroom #HighSchoolExplorer ,28,55, USA,2023,8,6,14,convinced the teacher to have class outdoors learning equations with a side of fresh air 
649,653,"Accidentally spilled paint in art class. Abstract art, right? #ArtClassAdventures #HighSchoolArtist ",Negative,07-08-2023 19:45, PaintSpillHighSchool , Instagram , #ArtisticMishaps #HighSchoolArt ,22,45, UK,2023,8,7,19,accidentally spilled paint in art class abstract art right   
650,654,Trying to master the perfect kickflip on my skateboard. Skating into the weekend like a pro! ,Positive,08-08-2023 16:00, SkateProHighSchool , Twitter , #SkaterLife #HighSchoolSkater ,30,60, Canada,2023,8,8,16,trying to master the perfect kickflip on my skateboard skating into the weekend like a pro 
651,655,Bonding with friends over the latest K-pop sensation. Fangirling at its finest! ,Positive,09-08-2023 22:30, KpopFangirlHighSchool , Facebook , #KpopFangirl #HighSchoolMusic ,20,40, USA,2023,8,9,22,bonding with friends over the latest kpop sensation fangirling at its finest 
652,656,Spent hours perfecting a chemistry experiment. Mixing potions like a wizard! ,Positive,10-08-2023 14:20, ChemistryWizardHighSchool , Instagram , #ChemistryWizard #HighSchoolScientist ,28,55, UK,2023,8,10,14,spent hours perfecting a chemistry experiment mixing potions like a wizard 
653,657,Successfully organized a surprise birthday party for a friend. Party planning expert mode: Achieved! ,Positive,11-08-2023 18:45, BirthdayPartyPlannerHighSchool , Twitter , #BirthdayParty #HighSchoolCelebration ,22,45, Canada,2023,8,11,18,successfully organized a surprise birthday party for a friend party planning expert mode achieved 
654,658,"Joined the drama club to unleash my inner actor. Lights, camera, action! ",Neutral,12-08-2023 13:45, DramaClubStarHighSchool , Facebook , #DramaClubStar #HighSchoolActor ,25,50, USA,2023,8,12,13,joined the drama club to unleash my inner actor lights camera action 
655,659,Got my hands on the latest fantasy novel. Diving into realms of magic and adventure! ,Positive,13-08-2023 20:00, FantasyBookNerdHighSchool , Instagram , #FantasyBookNerd #HighSchoolReader ,35,70, UK,2023,8,13,20,got my hands on the latest fantasy novel diving into realms of magic and adventure 
656,660,Mastering the art of the perfect doodle during boring classes. Doodles: A+! ,Neutral,14-08-2023 16:15, DoodleMasterHighSchool , Twitter , #DoodleMaster #HighSchoolArt ,20,40, USA,2023,8,14,16,mastering the art of the perfect doodle during boring classes doodles a 
657,661,Attempting to break the school record for the longest handstand. Wish me luck! ,Positive,15-08-2023 19:30, HandstandChallengeHighSchool , Facebook , #HandstandChallenge #HighSchoolAthlete ,28,55, Canada,2023,8,15,19,attempting to break the school record for the longest handstand wish me luck 
658,662,Sneaking snacks into class like a pro. The art of snack-smuggling is a sacred skill! ,Positive,16-08-2023 14:00, SnackSmugglerHighSchool , Instagram , #SnackSmuggler #HighSchoolSnacks ,30,60, USA,2023,8,16,14,sneaking snacks into class like a pro the art of snacksmuggling is a sacred skill 
659,663,Hosting a sleepover with friends this weekend. Preparing for a night of laughter and memories! ,Positive,17-08-2023 22:15, SleepoverHostHighSchool , Twitter , #SleepoverFun #HighSchoolMemories ,18,35, UK,2023,8,17,22,hosting a sleepover with friends this weekend preparing for a night of laughter and memories 
660,664,"Spent hours on a TikTok dance, only to realize I have two left feet. Dance fail: Unleashed! ",Negative,18-08-2023 16:30, TikTokFailHighSchool , Facebook , #DanceFail #HighSchoolTikTok ,25,50, USA,2023,8,18,16,spent hours on a tiktok dance only to realize i have two left feet dance fail unleashed 
661,665,Accidentally liked my crush's old photo while stalking their profile. Awkward level: Maximum! ,Negative,19-08-2023 19:45, SocialMediaBlunderHighSchool , Instagram , #SocialMediaBlunder #HighSchoolAwkward ,22,45, UK,2023,8,19,19,accidentally liked my crushs old photo while stalking their profile awkward level maximum 
662,666,Tried to impress my crush with a smooth conversation. Ended up spilling my drink. Smooth level: Nonexistent! ,Negative,20-08-2023 17:00, CrushFailHighSchool , Twitter , #CrushFail #HighSchoolEmbarrassment ,30,60, Canada,2023,8,20,17,tried to impress my crush with a smooth conversation ended up spilling my drink smooth level nonexistent 
663,667,Mastered the art of creating paper airplanes during lecture. Paper planes: Soaring to new heights! ,Positive,21-08-2023 15:45, PaperPlaneExpertHighSchool , Instagram , #PaperPlaneExpert #HighSchoolArt ,15,30, USA,2023,8,21,15,mastered the art of creating paper airplanes during lecture paper planes soaring to new heights 
664,668,Trying to set a new trend by juggling textbooks between classes. Academic juggling: A unique skill! ,Neutral,22-08-2023 12:30, JugglingProHighSchool , Facebook , #TextbookJuggling #HighSchoolSkills ,22,40, Canada,2023,8,22,12,trying to set a new trend by juggling textbooks between classes academic juggling a unique skill 
665,669,Hiding a snack stash in my backpack for emergency cravings. Snack ninja mode: Activated! ,Neutral,23-08-2023 16:45, SnackNinjaHighSchool , Twitter , #SnackNinja #HighSchoolSnacks ,28,55, USA,2023,8,23,16,hiding a snack stash in my backpack for emergency cravings snack ninja mode activated 
666,670,Planning a surprise scavenger hunt for friends. Anticipating the thrill and excitement! ,Positive,24-08-2023 18:20, ScavengerHuntMasterHighSchool , Instagram , #SurpriseAdventure #HighSchoolFun ,20,38, UK,2023,8,24,18,planning a surprise scavenger hunt for friends anticipating the thrill and excitement 
667,671,Danced in the rain to celebrate the end of exams. Rain dance: Unexpectedly refreshing! ,Positive,25-08-2023 14:15, RainDanceCelebrationHighSchool , Facebook , #RainDance #HighSchoolJoy ,25,50, Canada,2023,8,25,14,danced in the rain to celebrate the end of exams rain dance unexpectedly refreshing 
668,672,Accidentally sent a text meant for a friend to the class group chat. Texting fail: Oops moment! ,Negative,26-08-2023 17:30, GroupChatBlunderHighSchool , Twitter , #TextingFail #HighSchoolAwkward ,18,35, USA,2023,8,26,17,accidentally sent a text meant for a friend to the class group chat texting fail oops moment 
669,673,Tried a magic trick to impress classmates. Magic fail: Where did that rabbit go? ,Neutral,27-08-2023 20:45, MagicFailHighSchool , Instagram , #MagicFail #HighSchoolMagic ,22,45, UK,2023,8,27,20,tried a magic trick to impress classmates magic fail where did that rabbit go 
670,674,Perfecting the art of creating origami during a dull lecture. Origami mastery: A+! ,Neutral,28-08-2023 16:00, OrigamiProHighSchool , Twitter , #OrigamiMaster #HighSchoolArt ,18,36, USA,2023,8,28,16,perfecting the art of creating origami during a dull lecture origami mastery a 
671,675,Attempting to set a new record for the most consecutive hacky sack kicks. Hacky sack skills: Unleashed! ,Neutral,29-08-2023 13:45, HackySackChampionHighSchool , Instagram , #HackySackChallenge #HighSchoolAthlete ,26,48, Canada,2023,8,29,13,attempting to set a new record for the most consecutive hacky sack kicks hacky sack skills unleashed 
672,676,Creating a secret handshake with friends. Friendship level: Expert! ,Neutral,30-08-2023 17:30, SecretHandshakeHighSchool , Facebook , #FriendshipGoals #HighSchoolMemories ,20,40, USA,2023,8,30,17,creating a secret handshake with friends friendship level expert 
673,677,Embarking on a mission to find the best burger joint in town. Burger connoisseur: Reporting for duty! ,Positive,31-08-2023 20:15, BurgerQuestHighSchool , Twitter , #BurgerQuest #HighSchoolFoodie ,24,42, UK,2023,8,31,20,embarking on a mission to find the best burger joint in town burger connoisseur reporting for duty 
674,678,Practicing a stand-up comedy routine for the upcoming talent show. Comedy gig: In the making! ,Neutral,01-09-2023 14:45, ComedyGeniusHighSchool , Instagram , #StandUpComedy #HighSchoolTalent ,21,39, Canada,2023,9,1,14,practicing a standup comedy routine for the upcoming talent show comedy gig in the making 
675,679,Accidentally sent a love letter to the wrong person. Love note fail: Maximum embarrassment! ,Negative,02-09-2023 18:30, LoveLetterBlunderHighSchool , Facebook , #LoveLetterFail #HighSchoolAwkward ,17,33, USA,2023,9,2,18,accidentally sent a love letter to the wrong person love note fail maximum embarrassment 
676,680,Attempting to impress the teacher with an elaborate science experiment. Science geek mode: Activated! ,Neutral,03-09-2023 22:00, ScienceExperimentProHighSchool , Twitter , #ScienceGeek #HighSchoolExperiments ,23,44, UK,2023,9,3,22,attempting to impress the teacher with an elaborate science experiment science geek mode activated 
677,681,Crafting intricate friendship bracelets for the whole squad. Friendship level: Expert weaver! ,Neutral,04-09-2023 15:15, BraceletCraftsmanHighSchool , Instagram , #FriendshipBracelets #HighSchoolCrafts ,19,37, USA,2023,9,4,15,crafting intricate friendship bracelets for the whole squad friendship level expert weaver 
678,682,Attempting to beat the record for the most consecutive cartwheels. Cartwheel challenge: Underway! ,Neutral,05-09-2023 12:30, CartwheelMasterHighSchool , Twitter , #CartwheelChallenge #HighSchoolAthlete ,27,52, Canada,2023,9,5,12,attempting to beat the record for the most consecutive cartwheels cartwheel challenge underway 
679,683,Organizing a movie marathon with friends. Popcorn and cinematic adventures await! ,Positive,06-09-2023 16:45, MovieMarathonHostHighSchool , Facebook , #MovieNight #HighSchoolMemories ,22,43, UK,2023,9,6,16,organizing a movie marathon with friends popcorn and cinematic adventures await 
680,684,Experimenting with a new hair color. A bold change for a bold semester! ,Neutral,07-09-2023 18:20, HairColorExperimentHighSchool , Instagram , #HairExperiment #HighSchoolStyle ,20,39, USA,2023,9,7,18,experimenting with a new hair color a bold change for a bold semester 
681,685,Building a time capsule to capture memories for the future. Time-traveling emotions! ,Neutral,08-09-2023 14:15, TimeCapsuleCreatorHighSchool , Facebook , #TimeCapsule #HighSchoolNostalgia ,26,48, Canada,2023,9,8,14,building a time capsule to capture memories for the future timetraveling emotions 
682,686,Accidentally walked into the wrong classroom on the first day. Classroom mix-up: Awkward start! ,Negative,09-09-2023 17:30, ClassroomBlunderHighSchool , Twitter , #FirstDayOops #HighSchoolEmbarrassment ,16,32, USA,2023,9,9,17,accidentally walked into the wrong classroom on the first day classroom mixup awkward start 
683,687,Trying out a new smoothie recipe for a healthy start to the week. Smoothie enthusiast: Level up! ,Positive,10-09-2023 20:45, SmoothieConnoisseurHighSchool , Instagram , #HealthyLiving #HighSchoolWellness ,23,42, UK,2023,9,10,20,trying out a new smoothie recipe for a healthy start to the week smoothie enthusiast level up 
684,688,Reflecting on the challenges of the school year. Feeling a bit overwhelmed with assignments. ,Negative,11-09-2023 15:45, OverwhelmedHighSchoolStudent , Twitter , #SchoolChallenges #HighSchoolStruggles ,15,28, USA,2023,9,11,15,reflecting on the challenges of the school year feeling a bit overwhelmed with assignments 
685,689,Encountered some mean-spirited comments online. Dealing with online hate is never easy. ,Negative,12-09-2023 12:30, DealingWithHateHighSchool , Instagram , #OnlineHate #HighSchoolReality ,18,36, Canada,2023,9,12,12,encountered some meanspirited comments online dealing with online hate is never easy 
686,690,Had a bad day at school. Everything seems to be going wrong. ,Negative,13-09-2023 16:45, ToughDayHighSchool , Facebook , #BadDay #HighSchoolBlues ,20,40, UK,2023,9,13,16,had a bad day at school everything seems to be going wrong 
687,691,Feeling down after not making the sports team. Disappointment lingers. ,Negative,14-09-2023 18:20, SportsTeamRejectionHighSchool , Twitter , #Disappointment #HighSchoolSports ,17,34, USA,2023,9,14,18,feeling down after not making the sports team disappointment lingers 
688,692,Witnessed a heated argument in the cafeteria. Unpleasant atmosphere at lunch. ,Negative,15-09-2023 14:15, CafeteriaConflictHighSchool , Instagram , #CafeteriaDrama #HighSchoolTension ,21,41, Canada,2023,9,15,14,witnessed a heated argument in the cafeteria unpleasant atmosphere at lunch 
689,693,Received a not-so-great grade on a major project. Academic frustration setting in. ,Negative,16-09-2023 17:30, ProjectGradeDisappointmentHighSchool , Facebook , #AcademicFrustration #HighSchoolStress ,19,38, UK,2023,9,16,17,received a notsogreat grade on a major project academic frustration setting in 
690,694,Dealing with a personal setback. Sometimes life throws unexpected challenges. ,Negative,17-09-2023 20:45, PersonalSetbackHighSchool , Twitter , #LifeChallenges #HighSchoolStruggles ,22,44, USA,2023,9,17,20,dealing with a personal setback sometimes life throws unexpected challenges 
691,695,Feeling lonely on a Saturday night. Sometimes solitude hits harder than expected. ,Negative,18-09-2023 22:00, LonelySaturdayHighSchool , Instagram , #LonelyNights #HighSchoolEmotions ,16,31, Canada,2023,9,18,22,feeling lonely on a saturday night sometimes solitude hits harder than expected 
692,696,Experiencing cyberbullying. Hateful messages online are disheartening. ,Negative,19-09-2023 15:15, CyberbullyingVictimHighSchool , Facebook , #StopCyberbullying #HighSchoolReality ,14,27, UK,2023,9,19,15,experiencing cyberbullying hateful messages online are disheartening 
693,697,Caught in a torrential rainstorm without an umbrella. Today's weather is just bad luck. ,Negative,20-09-2023 12:30, RainyDayBluesHighSchool , Twitter , #BadLuck #HighSchoolWeather ,18,35, USA,2023,9,20,12,caught in a torrential rainstorm without an umbrella todays weather is just bad luck 
694,698,Missing an important event due to unforeseen circumstances. A day filled with sadness. ,Negative,21-09-2023 16:45, MissedOpportunityHighSchool , Instagram , #MissedChances #HighSchoolRegret ,20,39, Canada,2023,9,21,16,missing an important event due to unforeseen circumstances a day filled with sadness 
695,699,Dealing with unfounded rumors circulating about personal life. Rumors can be hurtful. ,Negative,22-09-2023 18:20, RumorVictimHighSchool , Facebook , #RumorMills #HighSchoolDrama ,23,46, UK,2023,9,22,18,dealing with unfounded rumors circulating about personal life rumors can be hurtful 
696,700,Got a flat tire on the way to an important meeting. Talk about a series of bad events! ,Negative,23-09-2023 14:15, FlatTireWoesHighSchool , Twitter , #BadLuckDay #HighSchoolStruggles ,25,50, USA,2023,9,23,14,got a flat tire on the way to an important meeting talk about a series of bad events 
697,701,Feeling a sense of emptiness after a close friend moves away. Farewells are always sad. ,Negative,24-09-2023 17:30, FriendMovingAwayHighSchool , Instagram , #SayingGoodbye #HighSchoolEmotions ,21,42, Canada,2023,9,24,17,feeling a sense of emptiness after a close friend moves away farewells are always sad 
698,702,Facing rejection from a dream college. Disheartened but determined to explore other paths. ,Neutral,25-09-2023 20:45, CollegeRejectionHighSchool , Facebook , #CollegeDreams #HighSchoolJourney ,19,37, UK,2023,9,25,20,facing rejection from a dream college disheartened but determined to explore other paths 
699,703,Encountering online toxicity during a gaming session. Hateful comments can ruin the fun. ,Negative,26-09-2023 14:15, GamingToxicityHighSchool , Twitter , #OnlineGaming #HighSchoolGamer ,16,32, USA,2023,9,26,14,encountering online toxicity during a gaming session hateful comments can ruin the fun 
700,704,Having a bad hair day and feeling self-conscious. Bad hair days can affect confidence. ,Negative,27-09-2023 17:30, BadHairDayBluesHighSchool , Instagram , #BadHairDay #HighSchoolConfidence ,18,36, Canada,2023,9,27,17,having a bad hair day and feeling selfconscious bad hair days can affect confidence 
701,705,Feeling a sense of despair after a major project failure. Hard work didn't pay off this time. ,Negative,28-09-2023 22:00, ProjectFailureDespairHighSchool , Facebook , #ProjectStruggles #HighSchoolHardships ,21,41, UK,2023,9,28,22,feeling a sense of despair after a major project failure hard work didnt pay off this time 
702,706,Experiencing hate comments for expressing personal opinions. Online negativity prevails. ,Negative,29-09-2023 15:45, OpinionsHateHighSchool , Twitter , #OnlineOpinions #HighSchoolCriticism ,24,48, USA,2023,9,29,15,experiencing hate comments for expressing personal opinions online negativity prevails 
703,707,Having a string of bad luck with constant technology malfunctions. Tech troubles galore! ,Negative,30-09-2023 18:20, TechMalfunctionWoesHighSchool , Instagram , #TechIssues #HighSchoolTech ,22,43, Canada,2023,9,30,18,having a string of bad luck with constant technology malfunctions tech troubles galore 
704,708,Missing out on a long-anticipated event due to unexpected circumstances. A day filled with sadness. ,Negative,01-10-2023 14:15, MissedEventBluesHighSchool , Facebook , #MissedMoments #HighSchoolRegret ,20,39, UK,2023,10,1,14,missing out on a longanticipated event due to unexpected circumstances a day filled with sadness 
705,709,Trying out a new study technique for upcoming exams. Exploring different learning strategies. ,Neutral,02-10-2023 16:45, StudyTechniqueExperimentHighSchool , Instagram , #StudyStrategies #HighSchoolExams ,23,42, USA,2023,10,2,16,trying out a new study technique for upcoming exams exploring different learning strategies 
706,710,Organizing a community cleanup event for a cleaner neighborhood. Promoting environmental awareness. ,Positive,03-10-2023 12:30, CommunityCleanupHighSchool , Twitter , #EnvironmentalEfforts #HighSchoolCommunity ,26,50, Canada,2023,10,3,12,organizing a community cleanup event for a cleaner neighborhood promoting environmental awareness 
707,711,Sharing favorite book recommendations with classmates. Building a mini book club. ,Positive,04-10-2023 18:20, BookRecommendationsHighSchool , Facebook , #BookClub #HighSchoolReads ,19,38, UK,2023,10,4,18,sharing favorite book recommendations with classmates building a mini book club 
708,712,Experimenting with a new recipe for a school bake sale. Baking adventures in the kitchen. ,Neutral,05-10-2023 14:15, BakeSaleRecipeExperimentHighSchool , Instagram , #BakingAdventures #HighSchoolBakes ,21,43, USA,2023,10,5,14,experimenting with a new recipe for a school bake sale baking adventures in the kitchen 
709,713,Collaborating on a school project with peers. Teamwork makes the dream work. ,Positive,06-10-2023 17:30, SchoolProjectCollaborationHighSchool , Twitter , #Teamwork #HighSchoolProjects ,18,36, Canada,2023,10,6,17,collaborating on a school project with peers teamwork makes the dream work 
710,714,Attending a school club meeting to explore new interests. Dabbling in extracurricular activities. ,Neutral,07-10-2023 20:45, ExtracurricularExplorationHighSchool , Instagram , #SchoolClubs #HighSchoolInterests ,22,45, UK,2023,10,7,20,attending a school club meeting to explore new interests dabbling in extracurricular activities 
711,715,Exploring a new part-time job opportunity for gaining work experience. Career development in progress. ,Positive,08-10-2023 15:15, PartTimeJobExplorationHighSchool , Facebook , #CareerDevelopment #HighSchoolJobs ,24,48, USA,2023,10,8,15,exploring a new parttime job opportunity for gaining work experience career development in progress 
712,716,Attending a school assembly to stay informed about upcoming events and announcements. Staying connected with school activities. ,Neutral,09-10-2023 22:00, SchoolAssemblyParticipationHighSchool , Twitter , #SchoolEvents #HighSchoolConnectivity ,20,40, Canada,2023,10,9,22,attending a school assembly to stay informed about upcoming events and announcements staying connected with school activities 
713,717,Exploring a new hobby of photography during free time. Capturing moments through a lens. ,Positive,10-10-2023 14:15, PhotographyHobbyHighSchool , Instagram , #PhotographyJourney #HighSchoolHobbies ,25,49, UK,2023,10,10,14,exploring a new hobby of photography during free time capturing moments through a lens 
714,718,Participating in a science fair to showcase a unique experiment. Sharing knowledge with peers. ,Positive,11-10-2023 16:45, ScienceFairParticipationHighSchool , Facebook , #ScienceFair #HighSchoolScience ,19,37, USA,2023,10,11,16,participating in a science fair to showcase a unique experiment sharing knowledge with peers 
715,719,Attending a workshop on time management to enhance organizational skills. Striving for efficiency. ,Neutral,12-10-2023 18:20, TimeManagementWorkshopHighSchool , Twitter , #EfficiencyGoals #HighSchoolSkills ,23,44, Canada,2023,10,12,18,attending a workshop on time management to enhance organizational skills striving for efficiency 
716,720,Volunteering at a local charity event to give back to the community. Contributing to social causes. ,Positive,13-10-2023 12:30, CharityEventVolunteerHighSchool , Instagram , #CommunityService #HighSchoolVolunteer ,20,39, UK,2023,10,13,12,volunteering at a local charity event to give back to the community contributing to social causes 
717,721,Collaborating on a group project to promote teamwork and shared responsibilities. Group effort in action. ,Positive,14-10-2023 17:30, GroupProjectCollaborationHighSchool , Facebook , #TeamSpirit #HighSchoolProjects ,18,35, USA,2023,10,14,17,collaborating on a group project to promote teamwork and shared responsibilities group effort in action 
718,722,Participating in a debate club to enhance critical thinking and communication skills. Intellectual engagement in progress. ,Positive,15-10-2023 20:45, DebateClubParticipationHighSchool , Twitter , #DebateSkills #HighSchoolIntellect ,22,43, Canada,2023,10,15,20,participating in a debate club to enhance critical thinking and communication skills intellectual engagement in progress 
719,723,Celebrating a friend's birthday with a surprise party. Joyful moments and laughter all around! ,Positive,16-10-2023 15:45, BirthdaySurpriseHighSchool , Instagram , #SurpriseParty #HighSchoolCelebration ,27,52, UK,2023,10,16,15,celebrating a friends birthday with a surprise party joyful moments and laughter all around 
720,724,Successfully completing a challenging coding project. Excitement for overcoming coding hurdles! ,Positive,17-10-2023 12:30, CodingSuccessHighSchool , Twitter , #CodingTriumph #HighSchoolTech ,24,48, USA,2023,10,17,12,successfully completing a challenging coding project excitement for overcoming coding hurdles 
721,725,Attending a school talent show to support classmates. Applauding the diverse talents on display! ,Positive,18-10-2023 16:45, TalentShowSupportHighSchool , Facebook , #TalentShow #HighSchoolEntertainment ,19,38, Canada,2023,10,18,16,attending a school talent show to support classmates applauding the diverse talents on display 
722,726,"Exploring a new hiking trail with friends over the weekend. Nature, laughter, and good vibes! ",Positive,19-10-2023 18:20, WeekendHikeHighSchool , Instagram , #NatureAdventures #HighSchoolFriends ,21,42, UK,2023,10,19,18,exploring a new hiking trail with friends over the weekend nature laughter and good vibes 
723,727,Winning a friendly sports competition against rival schools. Victory celebrations in full swing! ,Positive,20-10-2023 14:15, SportsVictoryHighSchool , Twitter , #SportsTriumph #HighSchoolAthletics ,26,50, USA,2023,10,20,14,winning a friendly sports competition against rival schools victory celebrations in full swing 
724,728,Receiving a heartfelt letter from a pen pal in another country. Connecting across the globe! ,Positive,21-10-2023 17:30, PenPalConnectionHighSchool , Facebook , #GlobalFriendship #HighSchoolCorrespondence ,23,45, Canada,2023,10,21,17,receiving a heartfelt letter from a pen pal in another country connecting across the globe 
725,729,Creating a beautiful mural with fellow art enthusiasts. The power of collaboration and creativity! ,Positive,22-10-2023 20:45, MuralCreationHighSchool , Instagram , #ArtCollaboration #HighSchoolCreativity ,22,43, UK,2023,10,22,20,creating a beautiful mural with fellow art enthusiasts the power of collaboration and creativity 
726,730,Participating in a school-wide art exhibition. Witnessing creativity and spreading positive vibes! ,Positive,10-11-2015 16:45, ArtExhibitionJoyHighSchool , Instagram , #ArtisticExpression #HighSchoolCreativity ,23,44, USA,2015,11,10,16,participating in a schoolwide art exhibition witnessing creativity and spreading positive vibes 
727,731,Achieving a personal best in a track and field competition. The thrill of victory and self-improvement! ,Positive,14-09-2016 12:30, TrackFieldSuccessHighSchool , Twitter , #AthleticAchievement #HighSchoolSports ,26,51, Canada,2016,9,14,12,achieving a personal best in a track and field competition the thrill of victory and selfimprovement 
728,732,Collaborating on a science project that received recognition at a regional fair. Science triumphs and smiles! ,Positive,18-08-2017 18:20, ScienceProjectSuccessHighSchool , Facebook , #ScienceFairWinner #HighSchoolScience ,20,39, UK,2017,8,18,18,collaborating on a science project that received recognition at a regional fair science triumphs and smiles 
729,733,"Attending a surprise birthday party organized by friends. Surrounded by love, laughter, and good company! ",Positive,22-06-2018 14:15, BirthdayPartyJoyHighSchool , Instagram , #SurpriseCelebration #HighSchoolFriendship ,25,48, USA,2018,6,22,14,attending a surprise birthday party organized by friends surrounded by love laughter and good company 
730,734,Successfully fundraising for a school charity initiative. The joy of giving back to the community! ,Positive,05-04-2019 17:30, CharityFundraisingTriumphHighSchool , Twitter , #CommunityGiving #HighSchoolPhilanthropy ,22,42, Canada,2019,4,5,17,successfully fundraising for a school charity initiative the joy of giving back to the community 
731,735,"Participating in a multicultural festival, celebrating diversity with music, dance, and delicious food! ",Positive,29-02-2020 20:45, MulticulturalFestivalJoyHighSchool , Facebook , #CulturalCelebration #HighSchoolUnity ,21,43, UK,2020,2,29,20,participating in a multicultural festival celebrating diversity with music dance and delicious food 
732,736,"Organizing a virtual talent show during challenging times, bringing smiles to classmates' faces! ",Positive,15-11-2020 15:15, VirtualTalentShowSuccessHighSchool , Instagram , #VirtualEntertainment #HighSchoolPositivity ,24,47, USA,2020,11,15,15,organizing a virtual talent show during challenging times bringing smiles to classmates faces 
